行政区,町名,丁目,番地,該当地域名１,該当地域名２,該当地域名３,該当地域会館名１,該当地域会館名２,該当地域会館名３,該当地域会館住所１,該当地域会館住所２,該当地域会館住所３,該当地域電話番号１,該当地域電話番号２,該当地域電話番号３,その他１
西区,安治川,１丁目,１番,本田（ほんでん）,九条北（くじょうきた）,―,本田連合会館,九条北連合会館,―,大阪市西区本田３－５－１４,大阪市西区九条南４－１９－２,―,０６－６５８１－６２９２,０６－６５８２－８２８２,―,地域の境目のため、対象地域が複数にまたがっています。詳しくは西区役所地域支援課（０６－６５３２－９７３４）までお問い合わせください。
西区,安治川,１丁目,２番,九条北（くじょうきた）,―,―,九条北連合会館,―,―,大阪市西区九条南４－１９－２,―,―,０６－６５８２－８２８２,―,―,時間帯によっては、電話が繋がらない場合もありますので、ご了承頂きますようお願い致します。
西区,安治川,２丁目,,九条北（くじょうきた）,―,―,九条北連合会館,―,―,大阪市西区九条南４－１９－２,―,―,０６－６５８２－８２８２,―,―,時間帯によっては、電話が繋がらない場合もありますので、ご了承頂きますようお願い致します。
西区,阿波座,１丁目,,明治（めいじ）,―,―,明治会館,―,―,大阪市西区立売堀２－２－１７,―,―,０６－６５４１－０６８０,―,―,時間帯によっては、電話が繋がらない場合もありますので、ご了承頂きますようお願い致します。
西区,阿波座,２丁目,,明治（めいじ）,―,―,明治会館,―,―,大阪市西区立売堀２－２－１７,―,―,０６－６５４１－０６８０,―,―,時間帯によっては、電話が繋がらない場合もありますので、ご了承頂きますようお願い致します。
西区,立売堀,１丁目,１番,明治（めいじ）,―,―,明治会館,―,―,大阪市西区立売堀２－２－１７,―,―,０６－６５４１－０６８０,―,―,時間帯によっては、電話が繋がらない場合もありますので、ご了承頂きますようお願い致します。
西区,立売堀,１丁目,２番,明治（めいじ）,―,―,明治会館,―,―,大阪市西区立売堀２－２－１７,―,―,０６－６５４１－０６８０,―,―,時間帯によっては、電話が繋がらない場合もありますので、ご了承頂きますようお願い致します。
西区,立売堀,１丁目,３番,明治（めいじ）,西六（さいろく）,―,明治会館,西六福祉会館,―,大阪市西区立売堀２－２－１７,大阪市西区新町２－１３－１,―,０６－６５４１－０６８０,０６－６５３４－０８７４,―,地域の境目のため、対象地域が複数にまたがっています。詳しくは西区役所地域支援課（０６－６５３２－９７３４）までお問い合わせください。
西区,立売堀,１丁目,４番,明治（めいじ）,西六（さいろく）,―,明治会館,西六福祉会館,―,大阪市西区立売堀２－２－１７,大阪市西区新町２－１３－１,―,０６－６５４１－０６８０,０６－６５３４－０８７４,―,地域の境目のため、対象地域が複数にまたがっています。詳しくは西区役所地域支援課（０６－６５３２－９７３４）までお問い合わせください。
西区,立売堀,１丁目,５番,明治（めいじ）,―,―,明治会館,―,―,大阪市西区立売堀２－２－１７,―,―,０６－６５４１－０６８０,―,―,時間帯によっては、電話が繋がらない場合もありますので、ご了承頂きますようお願い致します。
西区,立売堀,１丁目,６番,明治（めいじ）,―,―,明治会館,―,―,大阪市西区立売堀２－２－１７,―,―,０６－６５４１－０６８０,―,―,時間帯によっては、電話が繋がらない場合もありますので、ご了承頂きますようお願い致します。
西区,立売堀,１丁目,７番,明治（めいじ）,―,―,明治会館,―,―,大阪市西区立売堀２－２－１７,―,―,０６－６５４１－０６８０,―,―,時間帯によっては、電話が繋がらない場合もありますので、ご了承頂きますようお願い致します。
西区,立売堀,１丁目,８番,明治（めいじ）,―,―,明治会館,―,―,大阪市西区立売堀２－２－１７,―,―,０６－６５４１－０６８０,―,―,時間帯によっては、電話が繋がらない場合もありますので、ご了承頂きますようお願い致します。
西区,立売堀,１丁目,９番,明治（めいじ）,西六（さいろく）,―,明治会館,西六福祉会館,―,大阪市西区立売堀２－２－１７,大阪市西区新町２－１３－１,―,０６－６５４１－０６８０,０６－６５３４－０８７４,―,地域の境目のため、対象地域が複数にまたがっています。詳しくは西区役所地域支援課（０６－６５３２－９７３４）までお問い合わせください。
西区,立売堀,１丁目,１０番,明治（めいじ）,―,―,明治会館,―,―,大阪市西区立売堀２－２－１７,―,―,０６－６５４１－０６８０,―,―,時間帯によっては、電話が繋がらない場合もありますので、ご了承頂きますようお願い致します。
西区,立売堀,１丁目,１１番,明治（めいじ）,―,―,明治会館,―,―,大阪市西区立売堀２－２－１７,―,―,０６－６５４１－０６８０,―,―,時間帯によっては、電話が繋がらない場合もありますので、ご了承頂きますようお願い致します。
西区,立売堀,１丁目,１２番,明治（めいじ）,―,―,明治会館,―,―,大阪市西区立売堀２－２－１７,―,―,０６－６５４１－０６８０,―,―,時間帯によっては、電話が繋がらない場合もありますので、ご了承頂きますようお願い致します。
西区,立売堀,１丁目,１３番,明治（めいじ）,―,―,明治会館,―,―,大阪市西区立売堀２－２－１７,―,―,０６－６５４１－０６８０,―,―,時間帯によっては、電話が繋がらない場合もありますので、ご了承頂きますようお願い致します。
西区,立売堀,１丁目,１４番,明治（めいじ）,西六（さいろく）,―,明治会館,西六福祉会館,―,大阪市西区立売堀２－２－１７,大阪市西区新町２－１３－１,―,０６－６５４１－０６８０,０６－６５３４－０８７４,―,地域の境目のため、対象地域が複数にまたがっています。詳しくは西区役所地域支援課（０６－６５３２－９７３４）までお問い合わせください。
西区,立売堀,２丁目,１番,明治（めいじ）,―,―,明治会館,―,―,大阪市西区立売堀２－２－１７,―,―,０６－６５４１－０６８０,―,―,時間帯によっては、電話が繋がらない場合もありますので、ご了承頂きますようお願い致します。
西区,立売堀,２丁目,２番,明治（めいじ）,―,―,明治会館,―,―,大阪市西区立売堀２－２－１７,―,―,０６－６５４１－０６８０,―,―,時間帯によっては、電話が繋がらない場合もありますので、ご了承頂きますようお願い致します。
西区,立売堀,２丁目,３番,明治（めいじ）,―,―,明治会館,―,―,大阪市西区立売堀２－２－１７,―,―,０６－６５４１－０６８０,―,―,時間帯によっては、電話が繋がらない場合もありますので、ご了承頂きますようお願い致します。
西区,立売堀,２丁目,４番,明治（めいじ）,西六（さいろく）,―,明治会館,西六福祉会館,―,大阪市西区立売堀２－２－１７,大阪市西区新町２－１３－１,―,０６－６５４１－０６８０,０６－６５３４－０８７４,―,地域の境目のため、対象地域が複数にまたがっています。詳しくは西区役所地域支援課（０６－６５３２－９７３４）までお問い合わせください。
西区,立売堀,２丁目,５番,明治（めいじ）,西六（さいろく）,―,明治会館,西六福祉会館,―,大阪市西区立売堀２－２－１７,大阪市西区新町２－１３－１,―,０６－６５４１－０６８０,０６－６５３４－０８７４,―,地域の境目のため、対象地域が複数にまたがっています。詳しくは西区役所地域支援課（０６－６５３２－９７３４）までお問い合わせください。
西区,立売堀,３丁目,１番,広教（こうきょう）,―,―,広教会館,―,―,大阪市西区立売堀４－６－１４,―,―,０６－６５３４－８６９０,―,―,時間帯によっては、電話が繋がらない場合もありますので、ご了承頂きますようお願い致します。
西区,立売堀,３丁目,２番,広教（こうきょう）,―,―,広教会館,―,―,大阪市西区立売堀４－６－１４,―,―,０６－６５３４－８６９０,―,―,時間帯によっては、電話が繋がらない場合もありますので、ご了承頂きますようお願い致します。
西区,立売堀,３丁目,３番,広教（こうきょう）,―,―,広教会館,―,―,大阪市西区立売堀４－６－１４,―,―,０６－６５３４－８６９０,―,―,時間帯によっては、電話が繋がらない場合もありますので、ご了承頂きますようお願い致します。
西区,立売堀,３丁目,４番,広教（こうきょう）,西六（さいろく）,―,広教会館,西六福祉会館,―,大阪市西区立売堀４－６－１４,大阪市西区新町２－１３－１,―,０６－６５３４－８６９０,０６－６５３４－０８７４,―,地域の境目のため、対象地域が複数にまたがっています。詳しくは西区役所地域支援課（０６－６５３２－９７３４）までお問い合わせください。
西区,立売堀,３丁目,５番,広教（こうきょう）,西六（さいろく）,―,広教会館,西六福祉会館,―,大阪市西区立売堀４－６－１４,大阪市西区新町２－１３－１,―,０６－６５３４－８６９０,０６－６５３４－０８７４,―,地域の境目のため、対象地域が複数にまたがっています。詳しくは西区役所地域支援課（０６－６５３２－９７３４）までお問い合わせください。
西区,立売堀,３丁目,６番,広教（こうきょう）,―,―,広教会館,―,―,大阪市西区立売堀４－６－１４,―,―,０６－６５３４－８６９０,―,―,時間帯によっては、電話が繋がらない場合もありますので、ご了承頂きますようお願い致します。
西区,立売堀,３丁目,７番,広教（こうきょう）,―,―,広教会館,―,―,大阪市西区立売堀４－６－１４,―,―,０６－６５３４－８６９０,―,―,時間帯によっては、電話が繋がらない場合もありますので、ご了承頂きますようお願い致します。
西区,立売堀,３丁目,８番,広教（こうきょう）,―,―,広教会館,―,―,大阪市西区立売堀４－６－１４,―,―,０６－６５３４－８６９０,―,―,時間帯によっては、電話が繋がらない場合もありますので、ご了承頂きますようお願い致します。
西区,立売堀,４丁目,１番,広教（こうきょう）,―,―,広教会館,―,―,大阪市西区立売堀４－６－１４,―,―,０６－６５３４－８６９０,―,―,時間帯によっては、電話が繋がらない場合もありますので、ご了承頂きますようお願い致します。
西区,立売堀,４丁目,２番,広教（こうきょう）,―,―,広教会館,―,―,大阪市西区立売堀４－６－１４,―,―,０６－６５３４－８６９０,―,―,時間帯によっては、電話が繋がらない場合もありますので、ご了承頂きますようお願い致します。
西区,立売堀,４丁目,３番,広教（こうきょう）,―,―,広教会館,―,―,大阪市西区立売堀４－６－１４,―,―,０６－６５３４－８６９０,―,―,時間帯によっては、電話が繋がらない場合もありますので、ご了承頂きますようお願い致します。
西区,立売堀,４丁目,４番,広教（こうきょう）,―,―,広教会館,―,―,大阪市西区立売堀４－６－１４,―,―,０６－６５３４－８６９０,―,―,時間帯によっては、電話が繋がらない場合もありますので、ご了承頂きますようお願い致します。
西区,立売堀,４丁目,５番,広教（こうきょう）,西六（さいろく）,―,広教会館,西六福祉会館,―,大阪市西区立売堀４－６－１４,,―,０６－６５３４－８６９０,０６－６５３４－０８７４,―,地域の境目のため、対象地域が複数にまたがっています。詳しくは西区役所地域支援課（０６－６５３２－９７３４）までお問い合わせください。
西区,立売堀,４丁目,６番,広教（こうきょう）,―,―,広教会館,―,―,大阪市西区立売堀４－６－１４,―,―,０６－６５３４－８６９０,―,―,時間帯によっては、電話が繋がらない場合もありますので、ご了承頂きますようお願い致します。
西区,立売堀,４丁目,７番,広教（こうきょう）,―,―,広教会館,―,―,大阪市西区立売堀４－６－１４,―,―,０６－６５３４－８６９０,―,―,時間帯によっては、電話が繋がらない場合もありますので、ご了承頂きますようお願い致します。
西区,立売堀,４丁目,８番,広教（こうきょう）,―,―,広教会館,―,―,大阪市西区立売堀４－６－１４,―,―,０６－６５３４－８６９０,―,―,時間帯によっては、電話が繋がらない場合もありますので、ご了承頂きますようお願い致します。
西区,立売堀,４丁目,９番,広教（こうきょう）,―,―,広教会館,―,―,大阪市西区立売堀４－６－１４,―,―,０６－６５３４－８６９０,―,―,時間帯によっては、電話が繋がらない場合もありますので、ご了承頂きますようお願い致します。
西区,立売堀,４丁目,１０番,広教（こうきょう）,―,―,広教会館,―,―,大阪市西区立売堀４－６－１４,―,―,０６－６５３４－８６９０,―,―,時間帯によっては、電話が繋がらない場合もありますので、ご了承頂きますようお願い致します。
西区,立売堀,４丁目,１１番,広教（こうきょう）,―,―,広教会館,―,―,大阪市西区立売堀４－６－１４,―,―,０６－６５３４－８６９０,―,―,時間帯によっては、電話が繋がらない場合もありますので、ご了承頂きますようお願い致します。
西区,立売堀,５丁目,１番,広教（こうきょう）,―,―,広教会館,―,―,大阪市西区立売堀４－６－１４,―,―,０６－６５３４－８６９０,―,―,時間帯によっては、電話が繋がらない場合もありますので、ご了承頂きますようお願い致します。
西区,立売堀,５丁目,２番,広教（こうきょう）,―,―,広教会館,―,―,大阪市西区立売堀４－６－１４,―,―,０６－６５３４－８６９０,―,―,時間帯によっては、電話が繋がらない場合もありますので、ご了承頂きますようお願い致します。
西区,立売堀,５丁目,３番,広教（こうきょう）,―,―,広教会館,―,―,大阪市西区立売堀４－６－１４,―,―,０６－６５３４－８６９０,―,―,時間帯によっては、電話が繋がらない場合もありますので、ご了承頂きますようお願い致します。
西区,立売堀,５丁目,４番,広教（こうきょう）,―,―,広教会館,―,―,大阪市西区立売堀４－６－１４,―,―,０６－６５３４－８６９０,―,―,時間帯によっては、電話が繋がらない場合もありますので、ご了承頂きますようお願い致します。
西区,立売堀,５丁目,５番,広教（こうきょう）,―,―,広教会館,―,―,大阪市西区立売堀４－６－１４,―,―,０６－６５３４－８６９０,―,―,時間帯によっては、電話が繋がらない場合もありますので、ご了承頂きますようお願い致します。
西区,立売堀,５丁目,６番,広教（こうきょう）,―,―,広教会館,―,―,大阪市西区立売堀４－６－１４,―,―,０６－６５３４－８６９０,―,―,時間帯によっては、電話が繋がらない場合もありますので、ご了承頂きますようお願い致します。
西区,立売堀,５丁目,７番,広教（こうきょう）,西六（さいろく）,―,広教会館,西六福祉会館,―,大阪市西区立売堀４－６－１４,大阪市西区新町２－１３－１,―,０６－６５３４－８６９０,０６－６５３４－０８７４,―,地域の境目のため、対象地域が複数にまたがっています。詳しくは西区役所地域支援課（０６－６５３２－９７３４）までお問い合わせください。
西区,立売堀,５丁目,８番,広教（こうきょう）,西六（さいろく）,―,広教会館,西六福祉会館,―,大阪市西区立売堀４－６－１４,大阪市西区新町２－１３－１,―,０６－６５３４－８６９０,０６－６５３４－０８７４,―,地域の境目のため、対象地域が複数にまたがっています。詳しくは西区役所地域支援課（０６－６５３２－９７３４）までお問い合わせください。
西区,立売堀,６丁目,１番,広教（こうきょう）,―,―,広教会館,―,―,大阪市西区立売堀４－６－１４,―,―,０６－６５３４－８６９０,―,―,時間帯によっては、電話が繋がらない場合もありますので、ご了承頂きますようお願い致します。
西区,立売堀,６丁目,２番,広教（こうきょう）,―,―,広教会館,―,―,大阪市西区立売堀４－６－１４,―,―,０６－６５３４－８６９０,―,―,時間帯によっては、電話が繋がらない場合もありますので、ご了承頂きますようお願い致します。
西区,立売堀,６丁目,３番,広教（こうきょう）,―,―,広教会館,―,―,大阪市西区立売堀４－６－１４,―,―,０６－６５３４－８６９０,―,―,時間帯によっては、電話が繋がらない場合もありますので、ご了承頂きますようお願い致します。
西区,立売堀,６丁目,４番,広教（こうきょう）,―,―,広教会館,―,―,大阪市西区立売堀４－６－１４,―,―,０６－６５３４－８６９０,―,―,時間帯によっては、電話が繋がらない場合もありますので、ご了承頂きますようお願い致します。
西区,立売堀,６丁目,５番,広教（こうきょう）,―,―,広教会館,―,―,大阪市西区立売堀４－６－１４,―,―,０６－６５３４－８６９０,―,―,時間帯によっては、電話が繋がらない場合もありますので、ご了承頂きますようお願い致します。
西区,立売堀,６丁目,６番,広教（こうきょう）,西六（さいろく）,―,広教会館,西六福祉会館,―,大阪市西区立売堀４－６－１４,大阪市西区新町２－１３－１,―,０６－６５３４－８６９０,０６－６５３４－０８７４,―,地域の境目のため、対象地域が複数にまたがっています。詳しくは西区役所地域支援課（０６－６５３２－９７３４）までお問い合わせください。
西区,立売堀,６丁目,７番,広教（こうきょう）,―,―,広教会館,―,―,大阪市西区立売堀４－６－１４,―,―,０６－６５３４－８６９０,―,―,時間帯によっては、電話が繋がらない場合もありますので、ご了承頂きますようお願い致します。
西区,立売堀,６丁目,８番,広教（こうきょう）,―,―,広教会館,―,―,大阪市西区立売堀４－６－１４,―,―,０６－６５３４－８６９０,―,―,時間帯によっては、電話が繋がらない場合もありますので、ご了承頂きますようお願い致します。
西区,立売堀,６丁目,９番,広教（こうきょう）,―,―,広教会館,―,―,大阪市西区立売堀４－６－１４,―,―,０６－６５３４－８６９０,―,―,時間帯によっては、電話が繋がらない場合もありますので、ご了承頂きますようお願い致します。
西区,靱本町,１丁目,,靱（うつぼ）,―,―,靱会館,―,―,大阪市西区靱本町１－９－２５,―,―,０６－６４４７－００２２,―,―,時間帯によっては、電話が繋がらない場合もありますので、ご了承頂きますようお願い致します。
西区,靱本町,２丁目,,靱（うつぼ）,―,―,靱会館,―,―,大阪市西区靱本町１－９－２５,―,―,０６－６４４７－００２２,―,―,時間帯によっては、電話が繋がらない場合もありますので、ご了承頂きますようお願い致します。
西区,靱本町,３丁目,１番,江戸堀（えどぼり）,靱（うつぼ）,―,江戸堀連合会館,靱会館,―,大阪市西区江戸堀３－８－１,大阪市西区靱本町１－９－２５,―,０６－６４４４－１１２２,０６－６４４７－００２２,―,地域の境目のため、対象地域が複数にまたがっています。詳しくは西区役所地域支援課（０６－６５３２－９７３４）までお問い合わせください。
西区,靱本町,３丁目,２番,靱（うつぼ）,―,―,靱会館,―,―,大阪市西区靱本町１－９－２５,―,―,０６－６４４７－００２２,―,―,時間帯によっては、電話が繋がらない場合もありますので、ご了承頂きますようお願い致します。
西区,靱本町,３丁目,３番,靱（うつぼ）,―,―,靱会館,―,―,大阪市西区靱本町１－９－２５,―,―,０６－６４４７－００２２,―,―,時間帯によっては、電話が繋がらない場合もありますので、ご了承頂きますようお願い致します。
西区,靱本町,３丁目,４番,靱（うつぼ）,―,―,靱会館,―,―,大阪市西区靱本町１－９－２５,―,―,０６－６４４７－００２２,―,―,時間帯によっては、電話が繋がらない場合もありますので、ご了承頂きますようお願い致します。
西区,靱本町,３丁目,５番,江戸堀（えどぼり）,靱（うつぼ）,―,江戸堀連合会館,靱会館,―,大阪市西区江戸堀３－８－１,大阪市西区靱本町１－９－２５,―,０６－６４４４－１１２２,０６－６４４７－００２２,―,地域の境目のため、対象地域が複数にまたがっています。詳しくは西区役所地域支援課（０６－６５３２－９７３４）までお問い合わせください。
西区,靱本町,３丁目,６番,靱（うつぼ）,―,―,靱会館,―,―,大阪市西区靱本町１－９－２５,―,―,０６－６４４７－００２２,―,―,時間帯によっては、電話が繋がらない場合もありますので、ご了承頂きますようお願い致します。
西区,靱本町,３丁目,７番,靱（うつぼ）,―,―,靱会館,―,―,大阪市西区靱本町１－９－２５,―,―,０６－６４４７－００２２,―,―,時間帯によっては、電話が繋がらない場合もありますので、ご了承頂きますようお願い致します。
西区,靱本町,３丁目,８番,靱（うつぼ）,―,―,靱会館,―,―,大阪市西区靱本町１－９－２５,―,―,０６－６４４７－００２２,―,―,時間帯によっては、電話が繋がらない場合もありますので、ご了承頂きますようお願い致します。
西区,靱本町,３丁目,９番,靱（うつぼ）,―,―,靱会館,―,―,大阪市西区靱本町１－９－２５,―,―,０６－６４４７－００２２,―,―,時間帯によっては、電話が繋がらない場合もありますので、ご了承頂きますようお願い致します。
西区,靱本町,３丁目,１０番,江戸堀（えどぼり）,靱（うつぼ）,―,江戸堀連合会館,靱会館,―,大阪市西区江戸堀３－８－１,大阪市西区靱本町１－９－２５,―,０６－６４４４－１１２２,０６－６４４７－００２２,―,地域の境目のため、対象地域が複数にまたがっています。詳しくは西区役所地域支援課（０６－６５３２－９７３４）までお問い合わせください。
西区,江戸堀,１丁目,,西船場（にしせんば）,―,―,西船場会館,―,―,大阪市西区京町堀１－１１－３０,―,―,０６－６４４６－５９１７,―,―,時間帯によっては、電話が繋がらない場合もありますので、ご了承頂きますようお願い致します。
西区,江戸堀,２丁目,,江戸堀（えどぼり）,―,―,江戸堀連合会館,―,―,大阪市西区江戸堀３－８－１,―,―,０６－６４４４－１１２２,―,―,時間帯によっては、電話が繋がらない場合もありますので、ご了承頂きますようお願い致します。
西区,江戸堀,３丁目,,江戸堀（えどぼり）,―,―,江戸堀連合会館,―,―,大阪市西区江戸堀３－８－１,―,―,０６－６４４４－１１２２,―,―,時間帯によっては、電話が繋がらない場合もありますので、ご了承頂きますようお願い致します。
西区,江之子島,１丁目,１番,江戸堀（えどぼり）,―,―,江戸堀連合会館,―,―,大阪市西区江戸堀３－８－１,―,―,０６－６４４４－１１２２,―,―,時間帯によっては、電話が繋がらない場合もありますので、ご了承頂きますようお願い致します。
西区,江之子島,１丁目,２番,江戸堀（えどぼり）,―,―,江戸堀連合会館,―,―,大阪市西区江戸堀３－８－１,―,―,０６－６４４４－１１２２,―,―,時間帯によっては、電話が繋がらない場合もありますので、ご了承頂きますようお願い致します。
西区,江之子島,１丁目,３番,江戸堀（えどぼり）,―,―,江戸堀連合会館,―,―,大阪市西区江戸堀３－８－１,―,―,０６－６４４４－１１２２,―,―,時間帯によっては、電話が繋がらない場合もありますので、ご了承頂きますようお願い致します。
西区,江之子島,１丁目,４番,江戸堀（えどぼり）,―,―,江戸堀連合会館,―,―,大阪市西区江戸堀３－８－１,―,―,０６－６４４４－１１２２,―,―,時間帯によっては、電話が繋がらない場合もありますので、ご了承頂きますようお願い致します。
西区,江之子島,１丁目,５番,江戸堀（えどぼり）,―,―,江戸堀連合会館,―,―,大阪市西区江戸堀３－８－１,―,―,０６－６４４４－１１２２,―,―,時間帯によっては、電話が繋がらない場合もありますので、ご了承頂きますようお願い致します。
西区,江之子島,１丁目,６番,江戸堀（えどぼり）,―,―,江戸堀連合会館,―,―,大阪市西区江戸堀３－８－１,―,―,０６－６４４４－１１２２,―,―,時間帯によっては、電話が繋がらない場合もありますので、ご了承頂きますようお願い致します。
西区,江之子島,１丁目,７番,江戸堀（えどぼり）,靱（うつぼ）,広教（こうきょう）,江戸堀連合会館,靱会館,広教会館,大阪市西区江戸堀３－８－１,大阪市西区靱本町１－９－２５,大阪市西区立売堀４－６－１４,０６－６４４４－１１２２,０６－６４４７－００２２,０６－６５３４－８６９０,地域の境目のため、対象地域が複数にまたがっています。詳しくは西区役所地域支援課（０６－６５３２－９７３４）までお問い合わせください。
西区,江之子島,１丁目,８番,江戸堀（えどぼり）,広教（こうきょう）,―,江戸堀連合会館,広教会館,―,大阪市西区江戸堀３－８－１,大阪市西区立売堀４－６－１４,―,０６－６４４４－１１２２,０６－６５３４－８６９０,―,地域の境目のため、対象地域が複数にまたがっています。詳しくは西区役所地域支援課（０６－６５３２－９７３４）までお問い合わせください。
西区,江之子島,１丁目,９番,広教（こうきょう）,―,―,広教会館,―,―,大阪市西区立売堀４－６－１４,―,―,０６－６５３４－８６９０,―,―,時間帯によっては、電話が繋がらない場合もありますので、ご了承頂きますようお願い致します。
西区,江之子島,１丁目,１０番,広教（こうきょう）,―,―,広教会館,―,―,大阪市西区立売堀４－６－１４,―,―,０６－６５３４－８６９０,―,―,時間帯によっては、電話が繋がらない場合もありますので、ご了承頂きますようお願い致します。
西区,江之子島,２丁目,１番,靱（うつぼ）,広教（こうきょう）,―,靱会館,広教会館,―,大阪市西区靱本町１－９－２５,大阪市西区立売堀４－６－１４,―,０６－６４４７－００２２,０６－６５３４－８６９０,―,地域の境目のため、対象地域が複数にまたがっています。詳しくは西区役所地域支援課（０６－６５３２－９７３４）までお問い合わせください。
西区,江之子島,２丁目,２番,広教（こうきょう）,―,―,広教会館,―,―,大阪市西区立売堀４－６－１４,―,―,０６－６５３４－８６９０,―,―,時間帯によっては、電話が繋がらない場合もありますので、ご了承頂きますようお願い致します。
西区,川口,１丁目,,本田（ほんでん）,―,―,本田連合会館,―,―,大阪市西区本田３－５－１４,―,―,０６－６５８１－６２９２,―,―,時間帯によっては、電話が繋がらない場合もありますので、ご了承頂きますようお願い致します。
西区,川口,２丁目,,本田（ほんでん）,―,―,本田連合会館,―,―,大阪市西区本田３－５－１４,―,―,０６－６５８１－６２９２,―,―,時間帯によっては、電話が繋がらない場合もありますので、ご了承頂きますようお願い致します。
西区,川口,３丁目,,本田（ほんでん）,―,―,本田連合会館,―,―,大阪市西区本田３－５－１４,―,―,０６－６５８１－６２９２,―,―,時間帯によっては、電話が繋がらない場合もありますので、ご了承頂きますようお願い致します。
西区,川口,４丁目,,本田（ほんでん）,―,―,本田連合会館,―,―,大阪市西区本田３－５－１４,―,―,０６－６５８１－６２９２,―,―,時間帯によっては、電話が繋がらない場合もありますので、ご了承頂きますようお願い致します。
西区,北堀江,１丁目,,堀江（ほりえ）,―,―,堀江会館,―,―,大阪市西区南堀江１－１３－２３,―,―,０６－６５４３－１０６０,―,―,時間帯によっては、電話が繋がらない場合もありますので、ご了承頂きますようお願い致します。
西区,北堀江,２丁目,,堀江（ほりえ）,―,―,堀江会館,―,―,大阪市西区南堀江１－１３－２３,―,―,０６－６５４３－１０６０,―,―,時間帯によっては、電話が繋がらない場合もありますので、ご了承頂きますようお願い致します。
西区,北堀江,３丁目,,堀江（ほりえ）,―,―,堀江会館,―,―,大阪市西区南堀江１－１３－２３,―,―,０６－６５４３－１０６０,―,―,時間帯によっては、電話が繋がらない場合もありますので、ご了承頂きますようお願い致します。
西区,北堀江,４丁目,,堀江（ほりえ）,―,―,堀江会館,―,―,大阪市西区南堀江１－１３－２３,―,―,０６－６５４３－１０６０,―,―,時間帯によっては、電話が繋がらない場合もありますので、ご了承頂きますようお願い致します。
西区,京町堀,１丁目,１番,西船場（にしせんば）,―,―,西船場会館,―,―,大阪市西区京町堀１－１１－３０,―,―,０６－６４４６－５９１７,―,―,時間帯によっては、電話が繋がらない場合もありますので、ご了承頂きますようお願い致します。
西区,京町堀,１丁目,２番,西船場（にしせんば）,靱（うつぼ）,―,西船場会館,靱会館,―,大阪市西区京町堀１－１１－３０,大阪市西区靱本町１－９－２５,―,０６－６４４６－５９１７,０６－６４４７－００２２,―,地域の境目のため、対象地域が複数にまたがっています。詳しくは西区役所地域支援課（０６－６５３２－９７３４）までお問い合わせください。
西区,京町堀,１丁目,３番,西船場（にしせんば）,靱（うつぼ）,―,西船場会館,靱会館,―,大阪市西区京町堀１－１１－３０,大阪市西区靱本町１－９－２５,―,０６－６４４６－５９１７,０６－６４４７－００２２,―,地域の境目のため、対象地域が複数にまたがっています。詳しくは西区役所地域支援課（０６－６５３２－９７３４）までお問い合わせください。
西区,京町堀,１丁目,４番,西船場（にしせんば）,―,―,西船場会館,―,―,大阪市西区京町堀１－１１－３０,―,―,０６－６４４６－５９１７,―,―,時間帯によっては、電話が繋がらない場合もありますので、ご了承頂きますようお願い致します。
西区,京町堀,１丁目,５番,西船場（にしせんば）,―,―,西船場会館,―,―,大阪市西区京町堀１－１１－３０,―,―,０６－６４４６－５９１７,―,―,時間帯によっては、電話が繋がらない場合もありますので、ご了承頂きますようお願い致します。
西区,京町堀,１丁目,６番,西船場（にしせんば）,―,―,西船場会館,―,―,大阪市西区京町堀１－１１－３０,―,―,０６－６４４６－５９１７,―,―,時間帯によっては、電話が繋がらない場合もありますので、ご了承頂きますようお願い致します。
西区,京町堀,１丁目,７番,西船場（にしせんば）,―,―,西船場会館,―,―,大阪市西区京町堀１－１１－３０,―,―,０６－６４４６－５９１７,―,―,時間帯によっては、電話が繋がらない場合もありますので、ご了承頂きますようお願い致します。
西区,京町堀,１丁目,８番,西船場（にしせんば）,靱（うつぼ）,―,西船場会館,靱会館,―,大阪市西区京町堀１－１１－３０,大阪市西区靱本町１－９－２５,―,０６－６４４６－５９１７,０６－６４４７－００２２,―,地域の境目のため、対象地域が複数にまたがっています。詳しくは西区役所地域支援課（０６－６５３２－９７３４）までお問い合わせください。
西区,京町堀,１丁目,９番,西船場（にしせんば）,―,―,西船場会館,―,―,大阪市西区京町堀１－１１－３０,―,―,０６－６４４６－５９１７,―,―,時間帯によっては、電話が繋がらない場合もありますので、ご了承頂きますようお願い致します。
西区,京町堀,１丁目,１０番,西船場（にしせんば）,―,―,西船場会館,―,―,大阪市西区京町堀１－１１－３０,―,―,０６－６４４６－５９１７,―,―,時間帯によっては、電話が繋がらない場合もありますので、ご了承頂きますようお願い致します。
西区,京町堀,１丁目,１１番,西船場（にしせんば）,―,―,西船場会館,―,―,大阪市西区京町堀１－１１－３０,―,―,０６－６４４６－５９１７,―,―,時間帯によっては、電話が繋がらない場合もありますので、ご了承頂きますようお願い致します。
西区,京町堀,１丁目,１２番,西船場（にしせんば）,―,―,西船場会館,―,―,大阪市西区京町堀１－１１－３０,―,―,０６－６４４６－５９１７,―,―,時間帯によっては、電話が繋がらない場合もありますので、ご了承頂きますようお願い致します。
西区,京町堀,１丁目,１３番,西船場（にしせんば）,―,―,西船場会館,―,―,大阪市西区京町堀１－１１－３０,―,―,０６－６４４６－５９１７,―,―,時間帯によっては、電話が繋がらない場合もありますので、ご了承頂きますようお願い致します。
西区,京町堀,１丁目,１４番,西船場（にしせんば）,―,―,西船場会館,―,―,大阪市西区京町堀１－１１－３０,―,―,０６－６４４６－５９１７,―,―,時間帯によっては、電話が繋がらない場合もありますので、ご了承頂きますようお願い致します。
西区,京町堀,１丁目,１５番,西船場（にしせんば）,―,―,西船場会館,―,―,大阪市西区京町堀１－１１－３０,―,―,０６－６４４６－５９１７,―,―,時間帯によっては、電話が繋がらない場合もありますので、ご了承頂きますようお願い致します。
西区,京町堀,１丁目,１６番,西船場（にしせんば）,―,―,西船場会館,―,―,大阪市西区京町堀１－１１－３０,―,―,０６－６４４６－５９１７,―,―,時間帯によっては、電話が繋がらない場合もありますので、ご了承頂きますようお願い致します。
西区,京町堀,１丁目,１７番,西船場（にしせんば）,―,―,西船場会館,―,―,大阪市西区京町堀１－１１－３０,―,―,０６－６４４６－５９１７,―,―,時間帯によっては、電話が繋がらない場合もありますので、ご了承頂きますようお願い致します。
西区,京町堀,１丁目,１８番,西船場（にしせんば）,―,―,西船場会館,―,―,大阪市西区京町堀１－１１－３０,―,―,０６－６４４６－５９１７,―,―,時間帯によっては、電話が繋がらない場合もありますので、ご了承頂きますようお願い致します。
西区,京町堀,２丁目,,江戸堀（えどぼり）,―,―,江戸堀連合会館,―,―,大阪市西区江戸堀３－８－１,―,―,０６－６４４４－１１２２,―,―,時間帯によっては、電話が繋がらない場合もありますので、ご了承頂きますようお願い致します。
西区,京町堀,３丁目,,江戸堀（えどぼり）,―,―,江戸堀連合会館,―,―,大阪市西区江戸堀３－８－１,―,―,０６－６４４４－１１２２,―,―,時間帯によっては、電話が繋がらない場合もありますので、ご了承頂きますようお願い致します。
西区,九条,１丁目,１番,九条東（くじょうひがし）,―,―,九条東会館,―,―,大阪市西区九条１－１１－１９,―,―,０６－４３９３－９１１１,―,―,時間帯によっては、電話が繋がらない場合もありますので、ご了承頂きますようお願い致します。
西区,九条,１丁目,２番,九条東（くじょうひがし）,―,―,九条東会館,―,―,大阪市西区九条１－１１－１９,―,―,０６－４３９３－９１１１,―,―,時間帯によっては、電話が繋がらない場合もありますので、ご了承頂きますようお願い致します。
西区,九条,１丁目,３番,九条東（くじょうひがし）,―,―,九条東会館,―,―,大阪市西区九条１－１１－１９,―,―,０６－４３９３－９１１１,―,―,時間帯によっては、電話が繋がらない場合もありますので、ご了承頂きますようお願い致します。
西区,九条,１丁目,４番,九条東（くじょうひがし）,―,―,九条東会館,―,―,大阪市西区九条１－１１－１９,―,―,０６－４３９３－９１１１,―,―,時間帯によっては、電話が繋がらない場合もありますので、ご了承頂きますようお願い致します。
西区,九条,１丁目,５番,九条東（くじょうひがし）,―,―,九条東会館,―,―,大阪市西区九条１－１１－１９,―,―,０６－４３９３－９１１１,―,―,時間帯によっては、電話が繋がらない場合もありますので、ご了承頂きますようお願い致します。
西区,九条,１丁目,６番,九条東（くじょうひがし）,―,―,九条東会館,―,―,大阪市西区九条１－１１－１９,―,―,０６－４３９３－９１１１,―,―,時間帯によっては、電話が繋がらない場合もありますので、ご了承頂きますようお願い致します。
西区,九条,１丁目,７番,九条東（くじょうひがし）,―,―,九条東会館,―,―,大阪市西区九条１－１１－１９,―,―,０６－４３９３－９１１１,―,―,時間帯によっては、電話が繋がらない場合もありますので、ご了承頂きますようお願い致します。
西区,九条,１丁目,８番,九条東（くじょうひがし）,―,―,九条東会館,―,―,大阪市西区九条１－１１－１９,―,―,０６－４３９３－９１１１,―,―,時間帯によっては、電話が繋がらない場合もありますので、ご了承頂きますようお願い致します。
西区,九条,１丁目,９番,九条東（くじょうひがし）,―,―,九条東会館,―,―,大阪市西区九条１－１１－１９,―,―,０６－４３９３－９１１１,―,―,時間帯によっては、電話が繋がらない場合もありますので、ご了承頂きますようお願い致します。
西区,九条,１丁目,１０番,九条東（くじょうひがし）,―,―,九条東会館,―,―,大阪市西区九条１－１１－１９,―,―,０６－４３９３－９１１１,―,―,時間帯によっては、電話が繋がらない場合もありますので、ご了承頂きますようお願い致します。
西区,九条,１丁目,１１番,九条東（くじょうひがし）,―,―,九条東会館,―,―,大阪市西区九条１－１１－１９,―,―,０６－４３９３－９１１１,―,―,時間帯によっては、電話が繋がらない場合もありますので、ご了承頂きますようお願い致します。
西区,九条,１丁目,１２番,九条東（くじょうひがし）,―,―,九条東会館,―,―,大阪市西区九条１－１１－１９,―,―,０６－４３９３－９１１１,―,―,時間帯によっては、電話が繋がらない場合もありますので、ご了承頂きますようお願い致します。
西区,九条,１丁目,１３番,九条東（くじょうひがし）,―,―,九条東会館,―,―,大阪市西区九条１－１１－１９,―,―,０６－４３９３－９１１１,―,―,時間帯によっては、電話が繋がらない場合もありますので、ご了承頂きますようお願い致します。
西区,九条,１丁目,１４番,九条東（くじょうひがし）,―,―,九条東会館,―,―,大阪市西区九条１－１１－１９,―,―,０６－４３９３－９１１１,―,―,時間帯によっては、電話が繋がらない場合もありますので、ご了承頂きますようお願い致します。
西区,九条,１丁目,１５番,九条東（くじょうひがし）,―,―,九条東会館,―,―,大阪市西区九条１－１１－１９,―,―,０６－４３９３－９１１１,―,―,時間帯によっては、電話が繋がらない場合もありますので、ご了承頂きますようお願い致します。
西区,九条,１丁目,１６番,九条東（くじょうひがし）,―,―,九条東会館,―,―,大阪市西区九条１－１１－１９,―,―,０６－４３９３－９１１１,―,―,時間帯によっては、電話が繋がらない場合もありますので、ご了承頂きますようお願い致します。
西区,九条,１丁目,１７番,九条東（くじょうひがし）,―,―,九条東会館,―,―,大阪市西区九条１－１１－１９,―,―,０６－４３９３－９１１１,―,―,時間帯によっては、電話が繋がらない場合もありますので、ご了承頂きますようお願い致します。
西区,九条,１丁目,１８番,九条東（くじょうひがし）,―,―,九条東会館,―,―,大阪市西区九条１－１１－１９,―,―,０６－４３９３－９１１１,―,―,時間帯によっては、電話が繋がらない場合もありますので、ご了承頂きますようお願い致します。
西区,九条,１丁目,１９番,九条東（くじょうひがし）,―,―,九条東会館,―,―,大阪市西区九条１－１１－１９,―,―,０６－４３９３－９１１１,―,―,時間帯によっては、電話が繋がらない場合もありますので、ご了承頂きますようお願い致します。
西区,九条,１丁目,２０番,九条東（くじょうひがし）,―,―,九条東会館,―,―,大阪市西区九条１－１１－１９,―,―,０６－４３９３－９１１１,―,―,時間帯によっては、電話が繋がらない場合もありますので、ご了承頂きますようお願い致します。
西区,九条,１丁目,２１番,九条東（くじょうひがし）,―,―,九条東会館,―,―,大阪市西区九条１－１１－１９,―,―,０６－４３９３－９１１１,―,―,時間帯によっては、電話が繋がらない場合もありますので、ご了承頂きますようお願い致します。
西区,九条,１丁目,２２番,九条東（くじょうひがし）,―,―,九条東会館,―,―,大阪市西区九条１－１１－１９,―,―,０６－４３９３－９１１１,―,―,時間帯によっては、電話が繋がらない場合もありますので、ご了承頂きますようお願い致します。
西区,九条,１丁目,２３番,九条東（くじょうひがし）,―,―,九条東会館,―,―,大阪市西区九条１－１１－１９,―,―,０６－４３９３－９１１１,―,―,時間帯によっては、電話が繋がらない場合もありますので、ご了承頂きますようお願い致します。
西区,九条,１丁目,２４番,九条東（くじょうひがし）,―,―,九条東会館,―,―,大阪市西区九条１－１１－１９,―,―,０６－４３９３－９１１１,―,―,時間帯によっては、電話が繋がらない場合もありますので、ご了承頂きますようお願い致します。
西区,九条,１丁目,２５番,九条南（くじょうみなみ）,―,―,九条南会館,―,―,大阪市西区九条南２－３１－２,―,―,０６－６５８２－０３０３,―,―,時間帯によっては、電話が繋がらない場合もありますので、ご了承頂きますようお願い致します。
西区,九条,１丁目,２６番,九条南（くじょうみなみ）,―,―,九条南会館,―,―,大阪市西区九条南２－３１－２,―,―,０６－６５８２－０３０３,―,―,時間帯によっては、電話が繋がらない場合もありますので、ご了承頂きますようお願い致します。
西区,九条,１丁目,２７番,九条南（くじょうみなみ）,―,―,九条南会館,―,―,大阪市西区九条南２－３１－２,―,―,０６－６５８２－０３０３,―,―,時間帯によっては、電話が繋がらない場合もありますので、ご了承頂きますようお願い致します。
西区,九条,１丁目,２８番,九条南（くじょうみなみ）,―,―,九条南会館,―,―,大阪市西区九条南２－３１－２,―,―,０６－６５８２－０３０３,―,―,時間帯によっては、電話が繋がらない場合もありますので、ご了承頂きますようお願い致します。
西区,九条,１丁目,２９番,九条南（くじょうみなみ）,―,―,九条南会館,―,―,大阪市西区九条南２－３１－２,―,―,０６－６５８２－０３０３,―,―,時間帯によっては、電話が繋がらない場合もありますので、ご了承頂きますようお願い致します。
西区,九条,２丁目,１番,九条東（くじょうひがし）,―,―,九条東会館,―,―,大阪市西区九条１－１１－１９,―,―,０６－４３９３－９１１１,―,―,時間帯によっては、電話が繋がらない場合もありますので、ご了承頂きますようお願い致します。
西区,九条,２丁目,２番,九条東（くじょうひがし）,―,―,九条東会館,―,―,大阪市西区九条１－１１－１９,―,―,０６－４３９３－９１１１,―,―,時間帯によっては、電話が繋がらない場合もありますので、ご了承頂きますようお願い致します。
西区,九条,２丁目,３番,九条東（くじょうひがし）,―,―,九条東会館,―,―,大阪市西区九条１－１１－１９,―,―,０６－４３９３－９１１１,―,―,時間帯によっては、電話が繋がらない場合もありますので、ご了承頂きますようお願い致します。
西区,九条,２丁目,４番,九条東（くじょうひがし）,―,―,九条東会館,―,―,大阪市西区九条１－１１－１９,―,―,０６－４３９３－９１１１,―,―,時間帯によっては、電話が繋がらない場合もありますので、ご了承頂きますようお願い致します。
西区,九条,２丁目,５番,九条東（くじょうひがし）,―,―,九条東会館,―,―,大阪市西区九条１－１１－１９,―,―,０６－４３９３－９１１１,―,―,時間帯によっては、電話が繋がらない場合もありますので、ご了承頂きますようお願い致します。
西区,九条,２丁目,６番,九条東（くじょうひがし）,―,―,九条東会館,―,―,大阪市西区九条１－１１－１９,―,―,０６－４３９３－９１１１,―,―,時間帯によっては、電話が繋がらない場合もありますので、ご了承頂きますようお願い致します。
西区,九条,２丁目,７番,九条東（くじょうひがし）,―,―,九条東会館,―,―,大阪市西区九条１－１１－１９,―,―,０６－４３９３－９１１１,―,―,時間帯によっては、電話が繋がらない場合もありますので、ご了承頂きますようお願い致します。
西区,九条,２丁目,８番,九条東（くじょうひがし）,―,―,九条東会館,―,―,大阪市西区九条１－１１－１９,―,―,０６－４３９３－９１１１,―,―,時間帯によっては、電話が繋がらない場合もありますので、ご了承頂きますようお願い致します。
西区,九条,２丁目,９番,九条東（くじょうひがし）,―,―,九条東会館,―,―,大阪市西区九条１－１１－１９,―,―,０６－４３９３－９１１１,―,―,時間帯によっては、電話が繋がらない場合もありますので、ご了承頂きますようお願い致します。
西区,九条,２丁目,１０番,九条東（くじょうひがし）,―,―,九条東会館,―,―,大阪市西区九条１－１１－１９,―,―,０６－４３９３－９１１１,―,―,時間帯によっては、電話が繋がらない場合もありますので、ご了承頂きますようお願い致します。
西区,九条,２丁目,１１番,九条東（くじょうひがし）,―,―,九条東会館,―,―,大阪市西区九条１－１１－１９,―,―,０６－４３９３－９１１１,―,―,時間帯によっては、電話が繋がらない場合もありますので、ご了承頂きますようお願い致します。
西区,九条,２丁目,１２番,九条東（くじょうひがし）,―,―,九条東会館,―,―,大阪市西区九条１－１１－１９,―,―,０６－４３９３－９１１１,―,―,時間帯によっては、電話が繋がらない場合もありますので、ご了承頂きますようお願い致します。
西区,九条,２丁目,１３番,九条東（くじょうひがし）,―,―,九条東会館,―,―,大阪市西区九条１－１１－１９,―,―,０６－４３９３－９１１１,―,―,時間帯によっては、電話が繋がらない場合もありますので、ご了承頂きますようお願い致します。
西区,九条,２丁目,１４番,九条北（くじょうきた）,―,―,九条北連合会館,―,―,大阪市西区九条南４－１９－２,―,―,０６－６５８２－８２８２,―,―,時間帯によっては、電話が繋がらない場合もありますので、ご了承頂きますようお願い致します。
西区,九条,２丁目,１５番,九条北（くじょうきた）,―,―,九条北連合会館,―,―,大阪市西区九条南４－１９－２,―,―,０６－６５８２－８２８２,―,―,時間帯によっては、電話が繋がらない場合もありますので、ご了承頂きますようお願い致します。
西区,九条,２丁目,１６番,九条北（くじょうきた）,―,―,九条北連合会館,―,―,大阪市西区九条南４－１９－２,―,―,０６－６５８２－８２８２,―,―,時間帯によっては、電話が繋がらない場合もありますので、ご了承頂きますようお願い致します。
西区,九条,２丁目,１７番,九条北（くじょうきた）,―,―,九条北連合会館,―,―,大阪市西区九条南４－１９－２,―,―,０６－６５８２－８２８２,―,―,時間帯によっては、電話が繋がらない場合もありますので、ご了承頂きますようお願い致します。
西区,九条,２丁目,１８番,九条北（くじょうきた）,―,―,九条北連合会館,―,―,大阪市西区九条南４－１９－２,―,―,０６－６５８２－８２８２,―,―,時間帯によっては、電話が繋がらない場合もありますので、ご了承頂きますようお願い致します。
西区,九条,２丁目,１９番,九条北（くじょうきた）,―,―,九条北連合会館,―,―,大阪市西区九条南４－１９－２,―,―,０６－６５８２－８２８２,―,―,時間帯によっては、電話が繋がらない場合もありますので、ご了承頂きますようお願い致します。
西区,九条,２丁目,２０番,九条北（くじょうきた）,―,―,九条北連合会館,―,―,大阪市西区九条南４－１９－２,―,―,０６－６５８２－８２８２,―,―,時間帯によっては、電話が繋がらない場合もありますので、ご了承頂きますようお願い致します。
西区,九条,２丁目,２１番,九条北（くじょうきた）,―,―,九条北連合会館,―,―,大阪市西区九条南４－１９－２,―,―,０６－６５８２－８２８２,―,―,時間帯によっては、電話が繋がらない場合もありますので、ご了承頂きますようお願い致します。
西区,九条,２丁目,２２番,九条北（くじょうきた）,―,―,九条北連合会館,―,―,大阪市西区九条南４－１９－２,―,―,０６－６５８２－８２８２,―,―,時間帯によっては、電話が繋がらない場合もありますので、ご了承頂きますようお願い致します。
西区,九条,２丁目,２３番,九条北（くじょうきた）,―,―,九条北連合会館,―,―,大阪市西区九条南４－１９－２,―,―,０６－６５８２－８２８２,―,―,時間帯によっては、電話が繋がらない場合もありますので、ご了承頂きますようお願い致します。
西区,九条,２丁目,２４番,九条北（くじょうきた）,―,―,九条北連合会館,―,―,大阪市西区九条南４－１９－２,―,―,０６－６５８２－８２８２,―,―,時間帯によっては、電話が繋がらない場合もありますので、ご了承頂きますようお願い致します。
西区,九条,２丁目,２５番,九条北（くじょうきた）,―,―,九条北連合会館,―,―,大阪市西区九条南４－１９－２,―,―,０６－６５８２－８２８２,―,―,時間帯によっては、電話が繋がらない場合もありますので、ご了承頂きますようお願い致します。
西区,九条,２丁目,２６番,九条北（くじょうきた）,―,―,九条北連合会館,―,―,大阪市西区九条南４－１９－２,―,―,０６－６５８２－８２８２,―,―,時間帯によっては、電話が繋がらない場合もありますので、ご了承頂きますようお願い致します。
西区,九条,２丁目,２７番,九条北（くじょうきた）,―,―,九条北連合会館,―,―,大阪市西区九条南４－１９－２,―,―,０６－６５８２－８２８２,―,―,時間帯によっては、電話が繋がらない場合もありますので、ご了承頂きますようお願い致します。
西区,九条,２丁目,２８番,九条北（くじょうきた）,―,―,九条北連合会館,―,―,大阪市西区九条南４－１９－２,―,―,０６－６５８２－８２８２,―,―,時間帯によっては、電話が繋がらない場合もありますので、ご了承頂きますようお願い致します。
西区,九条,２丁目,２９番,九条北（くじょうきた）,―,―,九条北連合会館,―,―,大阪市西区九条南４－１９－２,―,―,０６－６５８２－８２８２,―,―,時間帯によっては、電話が繋がらない場合もありますので、ご了承頂きますようお願い致します。
西区,九条,３丁目,,九条北（くじょうきた）,―,―,九条北連合会館,―,―,大阪市西区九条南４－１９－２,―,―,０６－６５８２－８２８２,―,―,時間帯によっては、電話が繋がらない場合もありますので、ご了承頂きますようお願い致します。
西区,九条南,１丁目,,九条南（くじょうみなみ）,―,―,九条南会館,―,―,大阪市西区九条南２－３１－２,―,―,０６－６５８２－０３０３,―,―,時間帯によっては、電話が繋がらない場合もありますので、ご了承頂きますようお願い致します。
西区,九条南,２丁目,,九条南（くじょうみなみ）,―,―,九条南会館,―,―,大阪市西区九条南２－３１－２,―,―,０６－６５８２－０３０３,―,―,時間帯によっては、電話が繋がらない場合もありますので、ご了承頂きますようお願い致します。
西区,九条南,３丁目,,九条北（くじょうきた）,―,―,九条北連合会館,―,―,大阪市西区九条南４－１９－２,―,―,０６－６５８２－８２８２,―,―,時間帯によっては、電話が繋がらない場合もありますので、ご了承頂きますようお願い致します。
西区,九条南,４丁目,,九条北（くじょうきた）,―,―,九条北連合会館,―,―,大阪市西区九条南４－１９－２,―,―,０６－６５８２－８２８２,―,―,時間帯によっては、電話が繋がらない場合もありますので、ご了承頂きますようお願い致します。
西区,境川,１丁目,,九条南（くじょうみなみ）,―,―,九条南会館,―,―,大阪市西区九条南２－３１－２,―,―,０６－６５８２－０３０３,―,―,時間帯によっては、電話が繋がらない場合もありますので、ご了承頂きますようお願い致します。
西区,境川,２丁目,,九条北（くじょうきた）,―,―,九条北連合会館,―,―,大阪市西区九条南４－１９－２,―,―,０６－６５８２－８２８２,―,―,時間帯によっては、電話が繋がらない場合もありますので、ご了承頂きますようお願い致します。
西区,新町,１丁目,,西六（さいろく）,―,―,西六福祉会館,―,―,大阪市西区新町２－１３－１,―,―,０６－６５３４－０８７４,―,―,時間帯によっては、電話が繋がらない場合もありますので、ご了承頂きますようお願い致します。
西区,新町,２丁目,,西六（さいろく）,―,―,西六福祉会館,―,―,大阪市西区新町２－１３－１,―,―,０６－６５３４－０８７５,―,―,時間帯によっては、電話が繋がらない場合もありますので、ご了承頂きますようお願い致します。
西区,新町,３丁目,,西六（さいろく）,―,―,西六福祉会館,―,―,大阪市西区新町２－１３－１,―,―,０６－６５３４－０８７６,―,―,時間帯によっては、電話が繋がらない場合もありますので、ご了承頂きますようお願い致します。
西区,新町,４丁目,,西六（さいろく）,―,―,西六福祉会館,―,―,大阪市西区新町２－１３－１,―,―,０６－６５３４－０８７７,―,―,時間帯によっては、電話が繋がらない場合もありますので、ご了承頂きますようお願い致します。
西区,千代崎,１丁目,１番,千代崎（ちよざき）,―,―,千代崎会館,―,―,大阪市西区千代崎２－１６－１５,―,―,０６－６５８３－０８１１,―,―,時間帯によっては、電話が繋がらない場合もありますので、ご了承頂きますようお願い致します。
西区,千代崎,１丁目,２番,千代崎（ちよざき）,―,―,千代崎会館,―,―,大阪市西区千代崎２－１６－１５,―,―,０６－６５８３－０８１１,―,―,時間帯によっては、電話が繋がらない場合もありますので、ご了承頂きますようお願い致します。
西区,千代崎,１丁目,３番,千代崎（ちよざき）,―,―,千代崎会館,―,―,大阪市西区千代崎２－１６－１５,―,―,０６－６５８３－０８１１,―,―,時間帯によっては、電話が繋がらない場合もありますので、ご了承頂きますようお願い致します。
西区,千代崎,１丁目,４番,九条東（くじょうひがし）,―,―,九条東会館,―,―,大阪市西区九条１－１１－１９,―,―,０６－４３９３－９１１１,―,―,時間帯によっては、電話が繋がらない場合もありますので、ご了承頂きますようお願い致します。
西区,千代崎,１丁目,５番,千代崎（ちよざき）,―,―,千代崎会館,―,―,大阪市西区千代崎２－１６－１５,―,―,０６－６５８３－０８１１,―,―,時間帯によっては、電話が繋がらない場合もありますので、ご了承頂きますようお願い致します。
西区,千代崎,１丁目,６番,千代崎（ちよざき）,―,―,千代崎会館,―,―,大阪市西区千代崎２－１６－１５,―,―,０６－６５８３－０８１１,―,―,時間帯によっては、電話が繋がらない場合もありますので、ご了承頂きますようお願い致します。
西区,千代崎,１丁目,７番,千代崎（ちよざき）,―,―,千代崎会館,―,―,大阪市西区千代崎２－１６－１５,―,―,０６－６５８３－０８１１,―,―,時間帯によっては、電話が繋がらない場合もありますので、ご了承頂きますようお願い致します。
西区,千代崎,１丁目,８番,千代崎（ちよざき）,―,―,千代崎会館,―,―,大阪市西区千代崎２－１６－１５,―,―,０６－６５８３－０８１１,―,―,時間帯によっては、電話が繋がらない場合もありますので、ご了承頂きますようお願い致します。
西区,千代崎,１丁目,９番,千代崎（ちよざき）,―,―,千代崎会館,―,―,大阪市西区千代崎２－１６－１５,―,―,０６－６５８３－０８１１,―,―,時間帯によっては、電話が繋がらない場合もありますので、ご了承頂きますようお願い致します。
西区,千代崎,１丁目,１０番,千代崎（ちよざき）,―,―,千代崎会館,―,―,大阪市西区千代崎２－１６－１５,―,―,０６－６５８３－０８１１,―,―,時間帯によっては、電話が繋がらない場合もありますので、ご了承頂きますようお願い致します。
西区,千代崎,１丁目,１１番,千代崎（ちよざき）,―,―,千代崎会館,―,―,大阪市西区千代崎２－１６－１５,―,―,０６－６５８３－０８１１,―,―,時間帯によっては、電話が繋がらない場合もありますので、ご了承頂きますようお願い致します。
西区,千代崎,１丁目,１２番,千代崎（ちよざき）,―,―,千代崎会館,―,―,大阪市西区千代崎２－１６－１５,―,―,０６－６５８３－０８１１,―,―,時間帯によっては、電話が繋がらない場合もありますので、ご了承頂きますようお願い致します。
西区,千代崎,１丁目,１３番,千代崎（ちよざき）,―,―,千代崎会館,―,―,大阪市西区千代崎２－１６－１５,―,―,０６－６５８３－０８１１,―,―,時間帯によっては、電話が繋がらない場合もありますので、ご了承頂きますようお願い致します。
西区,千代崎,１丁目,１４番,千代崎（ちよざき）,―,―,千代崎会館,―,―,大阪市西区千代崎２－１６－１５,―,―,０６－６５８３－０８１１,―,―,時間帯によっては、電話が繋がらない場合もありますので、ご了承頂きますようお願い致します。
西区,千代崎,１丁目,１５番,九条東（くじょうひがし）,―,―,九条東会館,―,―,大阪市西区九条１－１１－１９,―,―,０６－４３９３－９１１１,―,―,時間帯によっては、電話が繋がらない場合もありますので、ご了承頂きますようお願い致します。
西区,千代崎,１丁目,１６番,九条東（くじょうひがし）,―,―,九条東会館,―,―,大阪市西区九条１－１１－１９,―,―,０６－４３９３－９１１１,―,―,時間帯によっては、電話が繋がらない場合もありますので、ご了承頂きますようお願い致します。
西区,千代崎,１丁目,１７番,千代崎（ちよざき）,―,―,千代崎会館,―,―,大阪市西区千代崎２－１６－１５,―,―,０６－６５８３－０８１１,―,―,時間帯によっては、電話が繋がらない場合もありますので、ご了承頂きますようお願い致します。
西区,千代崎,１丁目,１８番,千代崎（ちよざき）,―,―,千代崎会館,―,―,大阪市西区千代崎２－１６－１５,―,―,０６－６５８３－０８１１,―,―,時間帯によっては、電話が繋がらない場合もありますので、ご了承頂きますようお願い致します。
西区,千代崎,１丁目,１９番,千代崎（ちよざき）,―,―,千代崎会館,―,―,大阪市西区千代崎２－１６－１５,―,―,０６－６５８３－０８１１,―,―,時間帯によっては、電話が繋がらない場合もありますので、ご了承頂きますようお願い致します。
西区,千代崎,１丁目,２０番,千代崎（ちよざき）,―,―,千代崎会館,―,―,大阪市西区千代崎２－１６－１５,―,―,０６－６５８３－０８１１,―,―,時間帯によっては、電話が繋がらない場合もありますので、ご了承頂きますようお願い致します。
西区,千代崎,１丁目,２１番,千代崎（ちよざき）,―,―,千代崎会館,―,―,大阪市西区千代崎２－１６－１５,―,―,０６－６５８３－０８１１,―,―,時間帯によっては、電話が繋がらない場合もありますので、ご了承頂きますようお願い致します。
西区,千代崎,１丁目,２２番,千代崎（ちよざき）,―,―,千代崎会館,―,―,大阪市西区千代崎２－１６－１５,―,―,０６－６５８３－０８１１,―,―,時間帯によっては、電話が繋がらない場合もありますので、ご了承頂きますようお願い致します。
西区,千代崎,１丁目,２３番,千代崎（ちよざき）,―,―,千代崎会館,―,―,大阪市西区千代崎２－１６－１５,―,―,０６－６５８３－０８１１,―,―,時間帯によっては、電話が繋がらない場合もありますので、ご了承頂きますようお願い致します。
西区,千代崎,１丁目,２４番,千代崎（ちよざき）,―,―,千代崎会館,―,―,大阪市西区千代崎２－１６－１５,―,―,０６－６５８３－０８１１,―,―,時間帯によっては、電話が繋がらない場合もありますので、ご了承頂きますようお願い致します。
西区,千代崎,１丁目,２５番,千代崎（ちよざき）,―,―,千代崎会館,―,―,大阪市西区千代崎２－１６－１５,―,―,０６－６５８３－０８１１,―,―,時間帯によっては、電話が繋がらない場合もありますので、ご了承頂きますようお願い致します。
西区,千代崎,１丁目,２６番,千代崎（ちよざき）,―,―,千代崎会館,―,―,大阪市西区千代崎２－１６－１５,―,―,０６－６５８３－０８１１,―,―,時間帯によっては、電話が繋がらない場合もありますので、ご了承頂きますようお願い致します。
西区,千代崎,１丁目,２７番,九条東（くじょうひがし）,―,―,九条東会館,―,―,大阪市西区九条１－１１－１９,―,―,０６－４３９３－９１１１,―,―,時間帯によっては、電話が繋がらない場合もありますので、ご了承頂きますようお願い致します。
西区,千代崎,２丁目,１番,千代崎（ちよざき）,―,―,千代崎会館,―,―,大阪市西区千代崎２－１６－１５,―,―,０６－６５８３－０８１１,―,―,時間帯によっては、電話が繋がらない場合もありますので、ご了承頂きますようお願い致します。
西区,千代崎,２丁目,２番,千代崎（ちよざき）,―,―,千代崎会館,―,―,大阪市西区千代崎２－１６－１５,―,―,０６－６５８３－０８１１,―,―,時間帯によっては、電話が繋がらない場合もありますので、ご了承頂きますようお願い致します。
西区,千代崎,２丁目,３番,千代崎（ちよざき）,―,―,千代崎会館,―,―,大阪市西区千代崎２－１６－１５,―,―,０６－６５８３－０８１１,―,―,時間帯によっては、電話が繋がらない場合もありますので、ご了承頂きますようお願い致します。
西区,千代崎,２丁目,４番,千代崎（ちよざき）,―,―,千代崎会館,―,―,大阪市西区千代崎２－１６－１５,―,―,０６－６５８３－０８１１,―,―,時間帯によっては、電話が繋がらない場合もありますので、ご了承頂きますようお願い致します。
西区,千代崎,２丁目,５番,千代崎（ちよざき）,―,―,千代崎会館,―,―,大阪市西区千代崎２－１６－１５,―,―,０６－６５８３－０８１１,―,―,時間帯によっては、電話が繋がらない場合もありますので、ご了承頂きますようお願い致します。
西区,千代崎,２丁目,６番,千代崎（ちよざき）,―,―,千代崎会館,―,―,大阪市西区千代崎２－１６－１５,―,―,０６－６５８３－０８１１,―,―,時間帯によっては、電話が繋がらない場合もありますので、ご了承頂きますようお願い致します。
西区,千代崎,２丁目,７番,千代崎（ちよざき）,九条東（くじょうひがし）,―,千代崎会館,九条東会館,―,大阪市西区千代崎２－１６－１５,大阪市西区九条１－１１－１９,―,０６－６５８３－０８１１,０６－４３９３－９１１１,―,地域の境目のため、対象地域が複数にまたがっています。詳しくは西区役所地域支援課（０６－６５３２－９７３４）までお問い合わせください。
西区,千代崎,２丁目,８番,九条東（くじょうひがし）,―,―,九条東会館,―,―,大阪市西区九条１－１１－１９,―,―,０６－４３９３－９１１１,―,―,時間帯によっては、電話が繋がらない場合もありますので、ご了承頂きますようお願い致します。
西区,千代崎,２丁目,９番,九条東（くじょうひがし）,―,―,九条東会館,―,―,大阪市西区九条１－１１－１９,―,―,０６－４３９３－９１１１,―,―,時間帯によっては、電話が繋がらない場合もありますので、ご了承頂きますようお願い致します。
西区,千代崎,２丁目,１０番,九条東（くじょうひがし）,―,―,九条東会館,―,―,大阪市西区九条１－１１－１９,―,―,０６－４３９３－９１１１,―,―,時間帯によっては、電話が繋がらない場合もありますので、ご了承頂きますようお願い致します。
西区,千代崎,２丁目,１１番,九条東（くじょうひがし）,―,―,九条東会館,―,―,大阪市西区九条１－１１－１９,―,―,０６－４３９３－９１１１,―,―,時間帯によっては、電話が繋がらない場合もありますので、ご了承頂きますようお願い致します。
西区,千代崎,２丁目,１２番,九条東（くじょうひがし）,―,―,九条東会館,―,―,大阪市西区九条１－１１－１９,―,―,０６－４３９３－９１１１,―,―,時間帯によっては、電話が繋がらない場合もありますので、ご了承頂きますようお願い致します。
西区,千代崎,２丁目,１３番,千代崎（ちよざき）,九条東（くじょうひがし）,―,千代崎会館,九条東会館,―,大阪市西区千代崎２－１６－１５,大阪市西区九条１－１１－１９,―,０６－６５８３－０８１１,０６－４３９３－９１１１,―,地域の境目のため、対象地域が複数にまたがっています。詳しくは西区役所地域支援課（０６－６５３２－９７３４）までお問い合わせください。
西区,千代崎,２丁目,１４番,千代崎（ちよざき）,九条東（くじょうひがし）,―,千代崎会館,九条東会館,―,大阪市西区千代崎２－１６－１５,大阪市西区九条１－１１－１９,―,０６－６５８３－０８１１,０６－４３９３－９１１１,―,地域の境目のため、対象地域が複数にまたがっています。詳しくは西区役所地域支援課（０６－６５３２－９７３４）までお問い合わせください。
西区,千代崎,２丁目,１５番,千代崎（ちよざき）,―,―,千代崎会館,―,―,大阪市西区千代崎２－１６－１５,―,―,０６－６５８３－０８１１,―,―,時間帯によっては、電話が繋がらない場合もありますので、ご了承頂きますようお願い致します。
西区,千代崎,２丁目,１６番,千代崎（ちよざき）,―,―,千代崎会館,―,―,大阪市西区千代崎２－１６－１５,―,―,０６－６５８３－０８１１,―,―,時間帯によっては、電話が繋がらない場合もありますので、ご了承頂きますようお願い致します。
西区,千代崎,２丁目,１７番,千代崎（ちよざき）,―,―,千代崎会館,―,―,大阪市西区千代崎２－１６－１５,―,―,０６－６５８３－０８１１,―,―,時間帯によっては、電話が繋がらない場合もありますので、ご了承頂きますようお願い致します。
西区,千代崎,２丁目,１８番,千代崎（ちよざき）,―,―,千代崎会館,―,―,大阪市西区千代崎２－１６－１５,―,―,０６－６５８３－０８１１,―,―,時間帯によっては、電話が繋がらない場合もありますので、ご了承頂きますようお願い致します。
西区,千代崎,２丁目,１９番,千代崎（ちよざき）,―,―,千代崎会館,―,―,大阪市西区千代崎２－１６－１５,―,―,０６－６５８３－０８１１,―,―,時間帯によっては、電話が繋がらない場合もありますので、ご了承頂きますようお願い致します。
西区,千代崎,２丁目,２０番,千代崎（ちよざき）,―,―,千代崎会館,―,―,大阪市西区千代崎２－１６－１５,―,―,０６－６５８３－０８１１,―,―,時間帯によっては、電話が繋がらない場合もありますので、ご了承頂きますようお願い致します。
西区,千代崎,２丁目,２１番,千代崎（ちよざき）,―,―,千代崎会館,―,―,大阪市西区千代崎２－１６－１５,―,―,０６－６５８３－０８１１,―,―,時間帯によっては、電話が繋がらない場合もありますので、ご了承頂きますようお願い致します。
西区,千代崎,２丁目,２２番,千代崎（ちよざき）,九条南（くじょうみなみ）,―,千代崎会館,九条南会館,―,大阪市西区千代崎２－１６－１５,大阪市西区九条南２－３１－２,―,０６－６５８３－０８１１,０６－６５８２－０３０３,―,地域の境目のため、対象地域が複数にまたがっています。詳しくは西区役所地域支援課（０６－６５３２－９７３４）までお問い合わせください。
西区,千代崎,２丁目,２３番,九条南（くじょうみなみ）,―,―,九条南会館,―,―,大阪市西区九条南２－３１－２,―,―,０６－６５８２－０３０３,―,―,時間帯によっては、電話が繋がらない場合もありますので、ご了承頂きますようお願い致します。
西区,千代崎,２丁目,２４番,九条南（くじょうみなみ）,―,―,九条南会館,―,―,大阪市西区九条南２－３１－２,―,―,０６－６５８２－０３０３,―,―,時間帯によっては、電話が繋がらない場合もありますので、ご了承頂きますようお願い致します。
西区,千代崎,２丁目,２５番,九条南（くじょうみなみ）,―,―,九条南会館,―,―,大阪市西区九条南２－３１－２,―,―,０６－６５８２－０３０３,―,―,時間帯によっては、電話が繋がらない場合もありますので、ご了承頂きますようお願い致します。
西区,千代崎,３丁目,,千代崎（ちよざき）,―,―,千代崎会館,―,―,大阪市西区千代崎２－１６－１５,―,―,０６－６５８３－０８１１,―,―,時間帯によっては、電話が繋がらない場合もありますので、ご了承頂きますようお願い致します。
西区,土佐堀,１丁目,,西船場（にしせんば）,―,―,西船場会館,―,―,大阪市西区京町堀１－１１－３０,―,―,０６－６４４６－５９１７,―,―,時間帯によっては、電話が繋がらない場合もありますので、ご了承頂きますようお願い致します。
西区,土佐堀,２丁目,,江戸堀（えどぼり）,―,―,江戸堀連合会館,―,―,大阪市西区江戸堀３－８－１,―,―,０６－６４４４－１１２２,―,―,時間帯によっては、電話が繋がらない場合もありますので、ご了承頂きますようお願い致します。
西区,土佐堀,３丁目,,江戸堀（えどぼり）,―,―,江戸堀連合会館,―,―,大阪市西区江戸堀３－８－１,―,―,０６－６４４４－１１２２,―,―,時間帯によっては、電話が繋がらない場合もありますので、ご了承頂きますようお願い致します。
西区,西本町,１丁目,１番,靱（うつぼ）,明治（めいじ）,―,靱会館,明治会館,―,大阪市西区靱本町１－９－２５,大阪市西区立売堀２－２－１７,―,０６－６４４７－００２２,０６－６５４１－０６８０,―,地域の境目のため、対象地域が複数にまたがっています。詳しくは西区役所地域支援課（０６－６５３２－９７３４）までお問い合わせください。
西区,西本町,１丁目,２番,靱（うつぼ）,明治（めいじ）,―,靱会館,明治会館,―,大阪市西区靱本町１－９－２５,大阪市西区立売堀２－２－１７,―,０６－６４４７－００２２,０６－６５４１－０６８０,―,地域の境目のため、対象地域が複数にまたがっています。詳しくは西区役所地域支援課（０６－６５３２－９７３４）までお問い合わせください。
西区,西本町,１丁目,３番,明治（めいじ）,―,―,明治会館,―,―,大阪市西区立売堀２－２－１７,―,―,０６－６５４１－０６８０,―,―,時間帯によっては、電話が繋がらない場合もありますので、ご了承頂きますようお願い致します。
西区,西本町,１丁目,４番,明治（めいじ）,―,―,明治会館,―,―,大阪市西区立売堀２－２－１７,―,―,０６－６５４１－０６８０,―,―,時間帯によっては、電話が繋がらない場合もありますので、ご了承頂きますようお願い致します。
西区,西本町,１丁目,５番,明治（めいじ）,―,―,明治会館,―,―,大阪市西区立売堀２－２－１７,―,―,０６－６５４１－０６８０,―,―,時間帯によっては、電話が繋がらない場合もありますので、ご了承頂きますようお願い致します。
西区,西本町,１丁目,６番,明治（めいじ）,―,―,明治会館,―,―,大阪市西区立売堀２－２－１７,―,―,０６－６５４１－０６８０,―,―,時間帯によっては、電話が繋がらない場合もありますので、ご了承頂きますようお願い致します。
西区,西本町,１丁目,７番,靱（うつぼ）,明治（めいじ）,―,靱会館,明治会館,―,大阪市西区靱本町１－９－２５,大阪市西区立売堀２－２－１７,―,０６－６４４７－００２２,０６－６５４１－０６８０,―,地域の境目のため、対象地域が複数にまたがっています。詳しくは西区役所地域支援課（０６－６５３２－９７３４）までお問い合わせください。
西区,西本町,１丁目,８番,靱（うつぼ）,明治（めいじ）,―,靱会館,明治会館,―,大阪市西区靱本町１－９－２５,大阪市西区立売堀２－２－１７,―,０６－６４４７－００２２,０６－６５４１－０６８０,―,地域の境目のため、対象地域が複数にまたがっています。詳しくは西区役所地域支援課（０６－６５３２－９７３４）までお問い合わせください。
西区,西本町,１丁目,９番,明治（めいじ）,―,―,明治会館,―,―,大阪市西区立売堀２－２－１７,―,―,０６－６５４１－０６８０,―,―,時間帯によっては、電話が繋がらない場合もありますので、ご了承頂きますようお願い致します。
西区,西本町,１丁目,１０番,明治（めいじ）,―,―,明治会館,―,―,大阪市西区立売堀２－２－１７,―,―,０６－６５４１－０６８０,―,―,時間帯によっては、電話が繋がらない場合もありますので、ご了承頂きますようお願い致します。
西区,西本町,１丁目,１１番,明治（めいじ）,―,―,明治会館,―,―,大阪市西区立売堀２－２－１８,―,―,０６－６５４１－０６８０,―,―,時間帯によっては、電話が繋がらない場合もありますので、ご了承頂きますようお願い致します。
西区,西本町,１丁目,１２番,明治（めいじ）,―,―,明治会館,―,―,大阪市西区立売堀２－２－１９,―,―,０６－６５４１－０６８０,―,―,時間帯によっては、電話が繋がらない場合もありますので、ご了承頂きますようお願い致します。
西区,西本町,１丁目,１３番,靱（うつぼ）,明治（めいじ）,―,靱会館,明治会館,―,大阪市西区靱本町１－９－２５,大阪市西区立売堀２－２－１７,―,０６－６４４７－００２２,０６－６５４１－０６８０,―,地域の境目のため、対象地域が複数にまたがっています。詳しくは西区役所地域支援課（０６－６５３２－９７３４）までお問い合わせください。
西区,西本町,１丁目,１４番,明治（めいじ）,―,―,明治会館,―,―,大阪市西区立売堀２－２－１９,―,―,０６－６５４１－０６８０,―,―,時間帯によっては、電話が繋がらない場合もありますので、ご了承頂きますようお願い致します。
西区,西本町,１丁目,１５番,明治（めいじ）,―,―,明治会館,―,―,大阪市西区立売堀２－２－１９,―,―,０６－６５４１－０６８０,―,―,時間帯によっては、電話が繋がらない場合もありますので、ご了承頂きますようお願い致します。
西区,西本町,２丁目,１番,靱（うつぼ）,明治（めいじ）,―,靱会館,明治会館,―,大阪市西区靱本町１－９－２５,大阪市西区立売堀２－２－１７,―,０６－６４４７－００２２,０６－６５４１－０６８０,―,地域の境目のため、対象地域が複数にまたがっています。詳しくは西区役所地域支援課（０６－６５３２－９７３４）までお問い合わせください。
西区,西本町,２丁目,２番,明治（めいじ）,―,―,明治会館,―,―,大阪市西区立売堀２－２－１７,―,―,０６－６５４１－０６８０,―,―,時間帯によっては、電話が繋がらない場合もありますので、ご了承頂きますようお願い致します。
西区,西本町,２丁目,３番,明治（めいじ）,―,―,明治会館,―,―,大阪市西区立売堀２－２－１７,―,―,０６－６５４１－０６８０,―,―,時間帯によっては、電話が繋がらない場合もありますので、ご了承頂きますようお願い致します。
西区,西本町,２丁目,４番,靱（うつぼ）,明治（めいじ）,―,靱会館,明治会館,―,大阪市西区靱本町１－９－２５,大阪市西区立売堀２－２－１７,―,０６－６４４７－００２２,０６－６５４１－０６８０,―,地域の境目のため、対象地域が複数にまたがっています。詳しくは西区役所地域支援課（０６－６５３２－９７３４）までお問い合わせください。
西区,西本町,２丁目,５番,靱（うつぼ）,広教（こうきょう）,―,靱会館,広教会館,―,大阪市西区靱本町１－９－２５,大阪市西区立売堀４－６－１４,―,０６－６４４７－００２２,０６－６５３４－８６９０,―,地域の境目のため、対象地域が複数にまたがっています。詳しくは西区役所地域支援課（０６－６５３２－９７３４）までお問い合わせください。
西区,西本町,２丁目,６番,広教（こうきょう）,―,―,広教会館,―,―,大阪市西区立売堀４－６－１４,―,―,０６－６５３４－８６９０,―,―,時間帯によっては、電話が繋がらない場合もありますので、ご了承頂きますようお願い致します。
西区,西本町,３丁目,１番,靱（うつぼ）,広教（こうきょう）,―,靱会館,広教会館,―,大阪市西区靱本町１－９－２５,大阪市西区立売堀４－６－１４,―,０６－６４４７－００２２,０６－６５３４－８６９０,―,地域の境目のため、対象地域が複数にまたがっています。詳しくは西区役所地域支援課（０６－６５３２－９７３４）までお問い合わせください。
西区,本田,１丁目,,本田（ほんでん）,―,―,本田連合会館,―,―,大阪市西区本田３－５－１４,―,―,０６－６５８１－６２９２,―,―,時間帯によっては、電話が繋がらない場合もありますので、ご了承頂きますようお願い致します。
西区,本田,２丁目,,本田（ほんでん）,―,―,本田連合会館,―,―,大阪市西区本田３－５－１４,―,―,０６－６５８１－６２９２,―,―,時間帯によっては、電話が繋がらない場合もありますので、ご了承頂きますようお願い致します。
西区,本田,３丁目,,本田（ほんでん）,―,―,本田連合会館,―,―,大阪市西区本田３－５－１４,―,―,０６－６５８１－６２９２,―,―,時間帯によっては、電話が繋がらない場合もありますので、ご了承頂きますようお願い致します。
西区,本田,４丁目,,本田（ほんでん）,―,―,本田連合会館,―,―,大阪市西区本田３－５－１４,―,―,０６－６５８１－６２９２,―,―,時間帯によっては、電話が繋がらない場合もありますので、ご了承頂きますようお願い致します。
西区,南堀江,１丁目,１番,堀江（ほりえ）,高台（たかきや）,―,堀江会館,高台連合会館,―,大阪市西区南堀江１－１３－２３,大阪市西区南堀江２－８－７,―,０６－６５４３－１０６０,０６－６５３７－５５６０,―,地域の境目のため、対象地域が複数にまたがっています。詳しくは西区役所地域支援課（０６－６５３２－９７３４）までお問い合わせください。
西区,南堀江,１丁目,２番,高台（たかきや）,―,―,高台連合会館,―,―,大阪市西区南堀江２－８－７,―,―,０６－６５３７－５５６０,―,―,時間帯によっては、電話が繋がらない場合もありますので、ご了承頂きますようお願い致します。
西区,南堀江,１丁目,３番,高台（たかきや）,―,―,高台連合会館,―,―,大阪市西区南堀江２－８－８,―,―,０６－６５３７－５５６０,―,―,時間帯によっては、電話が繋がらない場合もありますので、ご了承頂きますようお願い致します。
西区,南堀江,１丁目,４番,高台（たかきや）,―,―,高台連合会館,―,―,大阪市西区南堀江２－８－９,―,―,０６－６５３７－５５６０,―,―,時間帯によっては、電話が繋がらない場合もありますので、ご了承頂きますようお願い致します。
西区,南堀江,１丁目,５番,高台（たかきや）,―,―,高台連合会館,―,―,大阪市西区南堀江２－８－１０,―,―,０６－６５３７－５５６０,―,―,時間帯によっては、電話が繋がらない場合もありますので、ご了承頂きますようお願い致します。
西区,南堀江,１丁目,６番,高台（たかきや）,―,―,高台連合会館,―,―,大阪市西区南堀江２－８－１１,―,―,０６－６５３７－５５６０,―,―,時間帯によっては、電話が繋がらない場合もありますので、ご了承頂きますようお願い致します。
西区,南堀江,１丁目,７番,高台（たかきや）,―,―,高台連合会館,―,―,大阪市西区南堀江２－８－１２,―,―,０６－６５３７－５５６０,―,―,時間帯によっては、電話が繋がらない場合もありますので、ご了承頂きますようお願い致します。
西区,南堀江,１丁目,８番,高台（たかきや）,―,―,高台連合会館,―,―,大阪市西区南堀江２－８－１３,―,―,０６－６５３７－５５６０,―,―,時間帯によっては、電話が繋がらない場合もありますので、ご了承頂きますようお願い致します。
西区,南堀江,１丁目,９番,高台（たかきや）,―,―,高台連合会館,―,―,大阪市西区南堀江２－８－１４,―,―,０６－６５３７－５５６０,―,―,時間帯によっては、電話が繋がらない場合もありますので、ご了承頂きますようお願い致します。
西区,南堀江,１丁目,１０番,高台（たかきや）,―,―,高台連合会館,―,―,大阪市西区南堀江２－８－１５,―,―,０６－６５３７－５５６０,―,―,時間帯によっては、電話が繋がらない場合もありますので、ご了承頂きますようお願い致します。
西区,南堀江,１丁目,１１番,堀江（ほりえ）,高台（たかきや）,―,堀江会館,高台連合会館,―,大阪市西区南堀江１－１３－２３,大阪市西区南堀江２－８－７,―,０６－６５４３－１０６０,０６－６５３７－５５６０,―,地域の境目のため、対象地域が複数にまたがっています。詳しくは西区役所地域支援課（０６－６５３２－９７３４）までお問い合わせください。
西区,南堀江,１丁目,１２番,堀江（ほりえ）,高台（たかきや）,―,堀江会館,高台連合会館,―,大阪市西区南堀江１－１３－２３,大阪市西区南堀江２－８－７,―,０６－６５４３－１０６０,０６－６５３７－５５６０,―,地域の境目のため、対象地域が複数にまたがっています。詳しくは西区役所地域支援課（０６－６５３２－９７３４）までお問い合わせください。
西区,南堀江,１丁目,１３番,堀江（ほりえ）,―,―,堀江会館,―,―,大阪市西区南堀江１－１３－２３,―,―,０６－６５４３－１０６０,―,―,時間帯によっては、電話が繋がらない場合もありますので、ご了承頂きますようお願い致します。
西区,南堀江,１丁目,１４番,高台（たかきや）,―,―,高台連合会館,―,―,大阪市西区南堀江２－８－７,―,―,０６－６５３７－５５６０,―,―,時間帯によっては、電話が繋がらない場合もありますので、ご了承頂きますようお願い致します。
西区,南堀江,１丁目,１５番,高台（たかきや）,―,―,高台連合会館,―,―,大阪市西区南堀江２－８－８,―,―,０６－６５３７－５５６０,―,―,時間帯によっては、電話が繋がらない場合もありますので、ご了承頂きますようお願い致します。
西区,南堀江,１丁目,１６番,高台（たかきや）,―,―,高台連合会館,―,―,大阪市西区南堀江２－８－９,―,―,０６－６５３７－５５６０,―,―,時間帯によっては、電話が繋がらない場合もありますので、ご了承頂きますようお願い致します。
西区,南堀江,１丁目,１７番,高台（たかきや）,―,―,高台連合会館,―,―,大阪市西区南堀江２－８－１０,―,―,０６－６５３７－５５６０,―,―,時間帯によっては、電話が繋がらない場合もありますので、ご了承頂きますようお願い致します。
西区,南堀江,１丁目,１８番,高台（たかきや）,―,―,高台連合会館,―,―,大阪市西区南堀江２－８－１１,―,―,０６－６５３７－５５６０,―,―,時間帯によっては、電話が繋がらない場合もありますので、ご了承頂きますようお願い致します。
西区,南堀江,１丁目,１９番,高台（たかきや）,―,―,高台連合会館,―,―,大阪市西区南堀江２－８－１２,―,―,０６－６５３７－５５６０,―,―,時間帯によっては、電話が繋がらない場合もありますので、ご了承頂きますようお願い致します。
西区,南堀江,１丁目,２０番,高台（たかきや）,―,―,高台連合会館,―,―,大阪市西区南堀江２－８－１３,―,―,０６－６５３７－５５６０,―,―,時間帯によっては、電話が繋がらない場合もありますので、ご了承頂きますようお願い致します。
西区,南堀江,１丁目,２１番,堀江（ほりえ）,高台（たかきや）,―,堀江会館,高台連合会館,―,大阪市西区南堀江１－１３－２３,大阪市西区南堀江２－８－７,―,０６－６５４３－１０６０,０６－６５３７－５５６０,―,地域の境目のため、対象地域が複数にまたがっています。詳しくは西区役所地域支援課（０６－６５３２－９７３４）までお問い合わせください。
西区,南堀江,１丁目,２２番,堀江（ほりえ）,―,―,堀江会館,―,―,大阪市西区南堀江１－１３－２３,―,―,０６－６５４３－１０６０,―,―,時間帯によっては、電話が繋がらない場合もありますので、ご了承頂きますようお願い致します。
西区,南堀江,１丁目,２３番,高台（たかきや）,―,―,高台連合会館,―,―,大阪市西区南堀江２－８－７,―,―,０６－６５３７－５５６０,―,―,時間帯によっては、電話が繋がらない場合もありますので、ご了承頂きますようお願い致します。
西区,南堀江,１丁目,２４番,高台（たかきや）,―,―,高台連合会館,―,―,大阪市西区南堀江２－８－８,―,―,０６－６５３７－５５６０,―,―,時間帯によっては、電話が繋がらない場合もありますので、ご了承頂きますようお願い致します。
西区,南堀江,１丁目,２５番,高台（たかきや）,―,―,高台連合会館,―,―,大阪市西区南堀江２－８－９,―,―,０６－６５３７－５５６０,―,―,時間帯によっては、電話が繋がらない場合もありますので、ご了承頂きますようお願い致します。
西区,南堀江,１丁目,２６番,高台（たかきや）,―,―,高台連合会館,―,―,大阪市西区南堀江２－８－１０,―,―,０６－６５３７－５５６０,―,―,時間帯によっては、電話が繋がらない場合もありますので、ご了承頂きますようお願い致します。
西区,南堀江,１丁目,２７番,高台（たかきや）,―,―,高台連合会館,―,―,大阪市西区南堀江２－８－１１,―,―,０６－６５３７－５５６０,―,―,時間帯によっては、電話が繋がらない場合もありますので、ご了承頂きますようお願い致します。
西区,南堀江,２丁目,１番,堀江（ほりえ）,―,―,堀江会館,―,―,大阪市西区南堀江１－１３－２３,―,―,０６－６５４３－１０６０,―,―,時間帯によっては、電話が繋がらない場合もありますので、ご了承頂きますようお願い致します。
西区,南堀江,２丁目,２番,高台（たかきや）,―,―,高台連合会館,―,―,大阪市西区南堀江２－８－７,―,―,０６－６５３７－５５６０,―,―,時間帯によっては、電話が繋がらない場合もありますので、ご了承頂きますようお願い致します。
西区,南堀江,２丁目,３番,高台（たかきや）,―,―,高台連合会館,―,―,大阪市西区南堀江２－８－８,―,―,０６－６５３７－５５６０,―,―,時間帯によっては、電話が繋がらない場合もありますので、ご了承頂きますようお願い致します。
西区,南堀江,２丁目,４番,高台（たかきや）,―,―,高台連合会館,―,―,大阪市西区南堀江２－８－９,―,―,０６－６５３７－５５６０,―,―,時間帯によっては、電話が繋がらない場合もありますので、ご了承頂きますようお願い致します。
西区,南堀江,２丁目,５番,高台（たかきや）,―,―,高台連合会館,―,―,大阪市西区南堀江２－８－１０,―,―,０６－６５３７－５５６０,―,―,時間帯によっては、電話が繋がらない場合もありますので、ご了承頂きますようお願い致します。
西区,南堀江,２丁目,６番,高台（たかきや）,―,―,高台連合会館,―,―,大阪市西区南堀江２－８－１１,―,―,０６－６５３７－５５６０,―,―,時間帯によっては、電話が繋がらない場合もありますので、ご了承頂きますようお願い致します。
西区,南堀江,２丁目,７番,高台（たかきや）,―,―,高台連合会館,―,―,大阪市西区南堀江２－８－１２,―,―,０６－６５３７－５５６０,―,―,時間帯によっては、電話が繋がらない場合もありますので、ご了承頂きますようお願い致します。
西区,南堀江,２丁目,８番,高台（たかきや）,―,―,高台連合会館,―,―,大阪市西区南堀江２－８－１３,―,―,０６－６５３７－５５６０,―,―,時間帯によっては、電話が繋がらない場合もありますので、ご了承頂きますようお願い致します。
西区,南堀江,２丁目,９番,高台（たかきや）,―,―,高台連合会館,―,―,大阪市西区南堀江２－８－１４,―,―,０６－６５３７－５５６０,―,―,時間帯によっては、電話が繋がらない場合もありますので、ご了承頂きますようお願い致します。
西区,南堀江,２丁目,１０番,高台（たかきや）,―,―,高台連合会館,―,―,大阪市西区南堀江２－８－１５,―,―,０６－６５３７－５５６０,―,―,時間帯によっては、電話が繋がらない場合もありますので、ご了承頂きますようお願い致します。
西区,南堀江,２丁目,１１番,高台（たかきや）,―,―,高台連合会館,―,―,大阪市西区南堀江２－８－１６,―,―,０６－６５３７－５５６０,―,―,時間帯によっては、電話が繋がらない場合もありますので、ご了承頂きますようお願い致します。
西区,南堀江,２丁目,１２番,高台（たかきや）,―,―,高台連合会館,―,―,大阪市西区南堀江２－８－１７,―,―,０６－６５３７－５５６０,―,―,時間帯によっては、電話が繋がらない場合もありますので、ご了承頂きますようお願い致します。
西区,南堀江,２丁目,１３番,堀江（ほりえ）,―,―,堀江会館,―,―,大阪市西区南堀江１－１３－２３,―,―,０６－６５４３－１０６０,―,―,時間帯によっては、電話が繋がらない場合もありますので、ご了承頂きますようお願い致します。
西区,南堀江,３丁目,１番,堀江（ほりえ）,高台（たかきや）,―,堀江会館,高台連合会館,―,大阪市西区南堀江１－１３－２３,大阪市西区南堀江２－８－１４,―,０６－６５４３－１０６０,０６－６５３７－５５６０,―,地域の境目のため、対象地域が複数にまたがっています。詳しくは西区役所地域支援課（０６－６５３２－９７３４）までお問い合わせください。
西区,南堀江,３丁目,２番,高台（たかきや）,―,―,高台連合会館,―,―,大阪市西区南堀江２－８－１４,―,―,０６－６５３７－５５６０,―,―,時間帯によっては、電話が繋がらない場合もありますので、ご了承頂きますようお願い致します。
西区,南堀江,３丁目,３番,高台（たかきや）,―,―,高台連合会館,―,―,大阪市西区南堀江２－８－１５,―,―,０６－６５３７－５５６０,―,―,時間帯によっては、電話が繋がらない場合もありますので、ご了承頂きますようお願い致します。
西区,南堀江,３丁目,４番,高台（たかきや）,―,―,高台連合会館,―,―,大阪市西区南堀江２－８－１６,―,―,０６－６５３７－５５６０,―,―,時間帯によっては、電話が繋がらない場合もありますので、ご了承頂きますようお願い致します。
西区,南堀江,３丁目,５番,高台（たかきや）,―,―,高台連合会館,―,―,大阪市西区南堀江２－８－１７,―,―,０６－６５３７－５５６０,―,―,時間帯によっては、電話が繋がらない場合もありますので、ご了承頂きますようお願い致します。
西区,南堀江,３丁目,６番,高台（たかきや）,―,―,高台連合会館,―,―,大阪市西区南堀江２－８－１８,―,―,０６－６５３７－５５６０,―,―,時間帯によっては、電話が繋がらない場合もありますので、ご了承頂きますようお願い致します。
西区,南堀江,３丁目,７番,高台（たかきや）,―,―,高台連合会館,―,―,大阪市西区南堀江２－８－１９,―,―,０６－６５３７－５５６０,―,―,時間帯によっては、電話が繋がらない場合もありますので、ご了承頂きますようお願い致します。
西区,南堀江,３丁目,８番,高台（たかきや）,―,―,高台連合会館,―,―,大阪市西区南堀江２－８－２０,―,―,０６－６５３７－５５６０,―,―,時間帯によっては、電話が繋がらない場合もありますので、ご了承頂きますようお願い致します。
西区,南堀江,３丁目,９番,高台（たかきや）,―,―,高台連合会館,―,―,大阪市西区南堀江２－８－２１,―,―,０６－６５３７－５５６０,―,―,時間帯によっては、電話が繋がらない場合もありますので、ご了承頂きますようお願い致します。
西区,南堀江,３丁目,１０番,高台（たかきや）,―,―,高台連合会館,―,―,大阪市西区南堀江２－８－２２,―,―,０６－６５３７－５５６０,―,―,時間帯によっては、電話が繋がらない場合もありますので、ご了承頂きますようお願い致します。
西区,南堀江,３丁目,１１番,堀江（ほりえ）,―,―,堀江会館,―,―,大阪市西区南堀江１－１３－２３,―,―,０６－６５４３－１０６０,―,―,時間帯によっては、電話が繋がらない場合もありますので、ご了承頂きますようお願い致します。
西区,南堀江,３丁目,１２番,堀江（ほりえ）,―,―,堀江会館,―,―,大阪市西区南堀江１－１３－２３,―,―,０６－６５４３－１０６０,―,―,時間帯によっては、電話が繋がらない場合もありますので、ご了承頂きますようお願い致します。
西区,南堀江,３丁目,１３番,高台（たかきや）,―,―,高台連合会館,―,―,大阪市西区南堀江２－８－１９,―,―,０６－６５３７－５５６０,―,―,時間帯によっては、電話が繋がらない場合もありますので、ご了承頂きますようお願い致します。
西区,南堀江,３丁目,１４番,高台（たかきや）,―,―,高台連合会館,―,―,大阪市西区南堀江２－８－１９,―,―,０６－６５３７－５５６０,―,―,時間帯によっては、電話が繋がらない場合もありますので、ご了承頂きますようお願い致します。
西区,南堀江,３丁目,１５番,高台（たかきや）,―,―,高台連合会館,―,―,大阪市西区南堀江２－８－１９,―,―,０６－６５３７－５５６０,―,―,時間帯によっては、電話が繋がらない場合もありますので、ご了承頂きますようお願い致します。
西区,南堀江,３丁目,１６番,高台（たかきや）,―,―,高台連合会館,―,―,大阪市西区南堀江２－８－１９,―,―,０６－６５３７－５５６０,―,―,時間帯によっては、電話が繋がらない場合もありますので、ご了承頂きますようお願い致します。
西区,南堀江,３丁目,１７番,高台（たかきや）,―,―,高台連合会館,―,―,大阪市西区南堀江２－８－１９,―,―,０６－６５３７－５５６０,―,―,時間帯によっては、電話が繋がらない場合もありますので、ご了承頂きますようお願い致します。
西区,南堀江,４丁目,１番,堀江（ほりえ）,―,―,堀江会館,―,―,大阪市西区南堀江１－１３－２３,―,―,０６－６５４３－１０６０,―,―,時間帯によっては、電話が繋がらない場合もありますので、ご了承頂きますようお願い致します。
西区,南堀江,４丁目,２番,日吉（ひよし）,―,―,日吉会館,―,―,大阪市西区南堀江４－２２－８,―,―,０６－６５３４－０８０３,―,―,時間帯によっては、電話が繋がらない場合もありますので、ご了承頂きますようお願い致します。
西区,南堀江,４丁目,３番,日吉（ひよし）,―,―,日吉会館,―,―,大阪市西区南堀江４－２２－８,―,―,０６－６５３４－０８０３,―,―,時間帯によっては、電話が繋がらない場合もありますので、ご了承頂きますようお願い致します。
西区,南堀江,４丁目,４番,日吉（ひよし）,―,―,日吉会館,―,―,大阪市西区南堀江４－２２－８,―,―,０６－６５３４－０８０３,―,―,時間帯によっては、電話が繋がらない場合もありますので、ご了承頂きますようお願い致します。
西区,南堀江,４丁目,５番,日吉（ひよし）,―,―,日吉会館,―,―,大阪市西区南堀江４－２２－８,―,―,０６－６５３４－０８０３,―,―,時間帯によっては、電話が繋がらない場合もありますので、ご了承頂きますようお願い致します。
西区,南堀江,４丁目,６番,日吉（ひよし）,―,―,日吉会館,―,―,大阪市西区南堀江４－２２－８,―,―,０６－６５３４－０８０３,―,―,時間帯によっては、電話が繋がらない場合もありますので、ご了承頂きますようお願い致します。
西区,南堀江,４丁目,７番,日吉（ひよし）,―,―,日吉会館,―,―,大阪市西区南堀江４－２２－８,―,―,０６－６５３４－０８０３,―,―,時間帯によっては、電話が繋がらない場合もありますので、ご了承頂きますようお願い致します。
西区,南堀江,４丁目,８番,日吉（ひよし）,―,―,日吉会館,―,―,大阪市西区南堀江４－２２－８,―,―,０６－６５３４－０８０３,―,―,時間帯によっては、電話が繋がらない場合もありますので、ご了承頂きますようお願い致します。
西区,南堀江,４丁目,９番,日吉（ひよし）,―,―,日吉会館,―,―,大阪市西区南堀江４－２２－８,―,―,０６－６５３４－０８０３,―,―,時間帯によっては、電話が繋がらない場合もありますので、ご了承頂きますようお願い致します。
西区,南堀江,４丁目,１０番,日吉（ひよし）,―,―,日吉会館,―,―,大阪市西区南堀江４－２２－８,―,―,０６－６５３４－０８０３,―,―,時間帯によっては、電話が繋がらない場合もありますので、ご了承頂きますようお願い致します。
西区,南堀江,４丁目,１１番,日吉（ひよし）,―,―,日吉会館,―,―,大阪市西区南堀江４－２２－８,―,―,０６－６５３４－０８０３,―,―,時間帯によっては、電話が繋がらない場合もありますので、ご了承頂きますようお願い致します。
西区,南堀江,４丁目,１２番,日吉（ひよし）,―,―,日吉会館,―,―,大阪市西区南堀江４－２２－８,―,―,０６－６５３４－０８０３,―,―,時間帯によっては、電話が繋がらない場合もありますので、ご了承頂きますようお願い致します。
西区,南堀江,４丁目,１３番,日吉（ひよし）,―,―,日吉会館,―,―,大阪市西区南堀江４－２２－８,―,―,０６－６５３４－０８０３,―,―,時間帯によっては、電話が繋がらない場合もありますので、ご了承頂きますようお願い致します。
西区,南堀江,４丁目,１４番,日吉（ひよし）,―,―,日吉会館,―,―,大阪市西区南堀江４－２２－８,―,―,０６－６５３４－０８０３,―,―,時間帯によっては、電話が繋がらない場合もありますので、ご了承頂きますようお願い致します。
西区,南堀江,４丁目,１５番,日吉（ひよし）,―,―,日吉会館,―,―,大阪市西区南堀江４－２２－８,―,―,０６－６５３４－０８０３,―,―,時間帯によっては、電話が繋がらない場合もありますので、ご了承頂きますようお願い致します。
西区,南堀江,４丁目,１６番,堀江（ほりえ）,―,―,堀江会館,―,―,大阪市西区南堀江１－１３－２３,―,―,０６－６５４３－１０６０,―,―,時間帯によっては、電話が繋がらない場合もありますので、ご了承頂きますようお願い致します。
西区,南堀江,４丁目,１７番,堀江（ほりえ）,―,―,堀江会館,―,―,大阪市西区南堀江１－１３－２３,―,―,０６－６５４３－１０６０,―,―,時間帯によっては、電話が繋がらない場合もありますので、ご了承頂きますようお願い致します。
西区,南堀江,４丁目,１８番,日吉（ひよし）,―,―,日吉会館,―,―,大阪市西区南堀江４－２２－８,―,―,０６－６５３４－０８０３,―,―,時間帯によっては、電話が繋がらない場合もありますので、ご了承頂きますようお願い致します。
西区,南堀江,４丁目,１９番,日吉（ひよし）,―,―,日吉会館,―,―,大阪市西区南堀江４－２２－８,―,―,０６－６５３４－０８０３,―,―,時間帯によっては、電話が繋がらない場合もありますので、ご了承頂きますようお願い致します。
西区,南堀江,４丁目,２０番,堀江（ほりえ）,―,―,堀江会館,―,―,大阪市西区南堀江１－１３－２３,―,―,０６－６５４３－１０６０,―,―,時間帯によっては、電話が繋がらない場合もありますので、ご了承頂きますようお願い致します。
西区,南堀江,４丁目,２１番,堀江（ほりえ）,日吉（ひよし）,―,堀江会館,日吉会館,―,大阪市西区南堀江１－１３－２３,大阪市西区南堀江４－２２－８,―,０６－６５４３－１０６０,０６－６５３４－０８０３,―,地域の境目のため、対象地域が複数にまたがっています。詳しくは西区役所地域支援課（０６－６５３２－９７３４）までお問い合わせください。
西区,南堀江,４丁目,２２番,日吉（ひよし）,―,―,日吉会館,―,―,大阪市西区南堀江４－２２－８,―,―,０６－６５３４－０８０３,―,―,時間帯によっては、電話が繋がらない場合もありますので、ご了承頂きますようお願い致します。
西区,南堀江,４丁目,２３番,日吉（ひよし）,―,―,日吉会館,―,―,大阪市西区南堀江４－２２－８,―,―,０６－６５３４－０８０３,―,―,時間帯によっては、電話が繋がらない場合もありますので、ご了承頂きますようお願い致します。
西区,南堀江,４丁目,２４番,日吉（ひよし）,―,―,日吉会館,―,―,大阪市西区南堀江４－２２－８,―,―,０６－６５３４－０８０３,―,―,時間帯によっては、電話が繋がらない場合もありますので、ご了承頂きますようお願い致します。
西区,南堀江,４丁目,２５番,日吉（ひよし）,―,―,日吉会館,―,―,大阪市西区南堀江４－２２－８,―,―,０６－６５３４－０８０３,―,―,時間帯によっては、電話が繋がらない場合もありますので、ご了承頂きますようお願い致します。
西区,南堀江,４丁目,２６番,日吉（ひよし）,―,―,日吉会館,―,―,大阪市西区南堀江４－２２－８,―,―,０６－６５３４－０８０３,―,―,時間帯によっては、電話が繋がらない場合もありますので、ご了承頂きますようお願い致します。
西区,南堀江,４丁目,２７番,日吉（ひよし）,―,―,日吉会館,―,―,大阪市西区南堀江４－２２－８,―,―,０６－６５３４－０８０３,―,―,時間帯によっては、電話が繋がらない場合もありますので、ご了承頂きますようお願い致します。
西区,南堀江,４丁目,２８番,日吉（ひよし）,―,―,日吉会館,―,―,大阪市西区南堀江４－２２－８,―,―,０６－６５３４－０８０３,―,―,時間帯によっては、電話が繋がらない場合もありますので、ご了承頂きますようお願い致します。
西区,南堀江,４丁目,２９番,日吉（ひよし）,―,―,日吉会館,―,―,大阪市西区南堀江４－２２－８,―,―,０６－６５３４－０８０３,―,―,時間帯によっては、電話が繋がらない場合もありますので、ご了承頂きますようお願い致します。
西区,南堀江,４丁目,３０番,日吉（ひよし）,―,―,日吉会館,―,―,大阪市西区南堀江４－２２－８,―,―,０６－６５３４－０８０３,―,―,時間帯によっては、電話が繋がらない場合もありますので、ご了承頂きますようお願い致します。
西区,南堀江,４丁目,３１番,堀江（ほりえ）,日吉（ひよし）,―,堀江会館,日吉会館,―,大阪市西区南堀江１－１３－２３,大阪市西区南堀江４－２２－８,―,０６－６５４３－１０６０,０６－６５３４－０８０３,―,地域の境目のため、対象地域が複数にまたがっています。詳しくは西区役所地域支援課（０６－６５３２－９７３４）までお問い合わせください。
西区,南堀江,４丁目,３２番,日吉（ひよし）,―,―,日吉会館,―,―,大阪市西区南堀江４－２２－８,―,―,０６－６５３４－０８０３,―,―,時間帯によっては、電話が繋がらない場合もありますので、ご了承頂きますようお願い致します。
西区,南堀江,４丁目,３３番,日吉（ひよし）,―,―,日吉会館,―,―,大阪市西区南堀江４－２２－８,―,―,０６－６５３４－０８０３,―,―,時間帯によっては、電話が繋がらない場合もありますので、ご了承頂きますようお願い致します。
